"","Total","Expected","Hits","Raw p","-log10(p)","Holm adjust","FDR","Impact"
"Taurine and hypotaurine metabolism",8,0.12903,1,0.12224,0.91279,1,1,0.42857
"Pantothenate and CoA biosynthesis",19,0.30645,1,0.26712,0.57329,1,1,0.00714
"Sphingolipid metabolism",21,0.33871,1,0.29087,0.53631,1,1,0
"beta-Alanine metabolism",21,0.33871,1,0.29087,0.53631,1,1,0.05597
"Glutathione metabolism",28,0.45161,1,0.3683,0.4338,1,1,0
"Arginine and proline metabolism",38,0.6129,1,0.46498,0.33256,1,1,0
"Pyrimidine metabolism",39,0.62903,1,0.47383,0.32438,1,1,0.08886
"Primary bile acid biosynthesis",46,0.74194,1,0.53194,0.27414,1,1,0.00758
