"","Total","Expected","Hits","Raw p","-log10(p)","Holm adjust","FDR","Impact"
"Aminoacyl-tRNA biosynthesis",48,1.3006,11,1.6086e-08,7.7935,1.3512e-06,1.3512e-06,0
"Valine, leucine and isoleucine biosynthesis",8,0.21677,4,3.0208e-05,4.5199,0.0025073,0.0012688,0
"Alanine, aspartate and glutamate metabolism",28,0.75871,6,6.6415e-05,4.1777,0.005446,0.0018596,0.3133
"Pyruvate metabolism",22,0.59613,5,0.0002147,3.6682,0.017391,0.0045087,0.32192
"Citrate cycle (TCA cycle)",20,0.54194,4,0.0016487,2.7829,0.1319,0.027699,0.12027
"Arginine and proline metabolism",38,1.0297,5,0.0029658,2.5279,0.2343,0.041521,0.19938
"Arginine biosynthesis",14,0.37935,3,0.0054729,2.2618,0.42688,0.065675,0.11675
"Glyoxylate and dicarboxylate metabolism",32,0.8671,4,0.00966,2.015,0.74382,0.082309,0
"Nitrogen metabolism",6,0.16258,2,0.010038,1.9984,0.76286,0.082309,0
"D-Glutamine and D-glutamate metabolism",6,0.16258,2,0.010038,1.9984,0.76286,0.082309,0.5
"Glycine, serine and threonine metabolism",33,0.89419,4,0.010779,1.9674,0.79761,0.082309,0.02614
"Taurine and hypotaurine metabolism",8,0.21677,2,0.018102,1.7423,1,0.12445,0.71428
"Pyrimidine metabolism",39,1.0568,4,0.01926,1.7153,1,0.12445,0.10507
"Purine metabolism",65,1.7613,5,0.028404,1.5466,1,0.17042,0.11019
"Neomycin, kanamycin and gentamicin biosynthesis",2,0.054194,1,0.053476,1.2718,1,0.29947,0
"Histidine metabolism",16,0.43355,2,0.06767,1.1696,1,0.35527,0.22131
"Starch and sucrose metabolism",18,0.48774,2,0.083408,1.0788,1,0.40524,0.43044
"Valine, leucine and isoleucine degradation",40,1.0839,3,0.091371,1.0392,1,0.40524,0
"Pantothenate and CoA biosynthesis",19,0.51484,2,0.091662,1.0378,1,0.40524,0.02143
"beta-Alanine metabolism",21,0.56903,2,0.10884,0.9632,1,0.45714,0.39925
"Propanoate metabolism",23,0.62323,2,0.12681,0.89685,1,0.50723,0
"Glycolysis / Gluconeogenesis",26,0.70452,2,0.15495,0.80981,1,0.59163,0.20594
"Galactose metabolism",27,0.73161,2,0.16459,0.78359,1,0.60112,0.03727
"Ascorbate and aldarate metabolism",8,0.21677,1,0.1977,0.704,1,0.69194,0
"Cysteine and methionine metabolism",33,0.89419,2,0.22429,0.6492,1,0.7536,0.02659
"Amino sugar and nucleotide sugar metabolism",37,1.0026,2,0.26505,0.57667,1,0.85632,0.105
"Tyrosine metabolism",42,1.1381,2,0.31611,0.50017,1,0.98185,0.02463
"Butanoate metabolism",15,0.40645,1,0.33897,0.46984,1,0.98185,0
"Nicotinate and nicotinamide metabolism",15,0.40645,1,0.33897,0.46984,1,0.98185,0.13816
"Pentose and glucuronate interconversions",18,0.48774,1,0.39179,0.40694,1,1,0.07812
"Selenocompound metabolism",20,0.54194,1,0.4247,0.37192,1,1,0
"Sphingolipid metabolism",21,0.56903,1,0.44049,0.35607,1,1,0.0142
"Pentose phosphate pathway",22,0.59613,1,0.45586,0.34117,1,1,0.04712
"Lysine degradation",25,0.67742,1,0.49953,0.30144,1,1,0.14085
"Glutathione metabolism",28,0.75871,1,0.53978,0.26778,1,1,0.01966
"Porphyrin and chlorophyll metabolism",30,0.8129,1,0.56484,0.24808,1,1,0
"Glycerophospholipid metabolism",36,0.97548,1,0.63228,0.19909,1,1,0.02423
"Tryptophan metabolism",41,1.111,1,0.6806,0.16711,1,1,0.14305
"Primary bile acid biosynthesis",46,1.2465,1,0.72269,0.14105,1,1,0.00758
