"","Total","Expected","Hits","Raw p","-log10(p)","Holm adjust","FDR","Impact"
"Glycine, serine and threonine metabolism",33,1.0006,7,3.5118e-05,4.4545,0.0029499,0.0020006,0.28871
"Taurine and hypotaurine metabolism",8,0.24258,4,4.7633e-05,4.3221,0.0039535,0.0020006,0.71428
"Cysteine and methionine metabolism",33,1.0006,6,0.0003347,3.4753,0.027445,0.0089916,0.11776
"Aminoacyl-tRNA biosynthesis",48,1.4555,7,0.00042817,3.3684,0.034682,0.0089916,0.16667
"Arginine and proline metabolism",38,1.1523,5,0.0048891,2.3108,0.39112,0.082136,0.12745
"Tyrosine metabolism",42,1.2735,5,0.0075646,2.1212,0.59761,0.10591,0.30947
"Pantothenate and CoA biosynthesis",19,0.57613,3,0.018011,1.7445,1,0.21613,0.02143
"Valine, leucine and isoleucine biosynthesis",8,0.24258,2,0.022433,1.6491,1,0.23555,0
"Purine metabolism",65,1.971,5,0.043616,1.3604,1,0.40708,0.0352
"Phenylalanine, tyrosine and tryptophan biosynthesis",4,0.12129,1,0.11599,0.93557,1,0.97433,0.5
"beta-Alanine metabolism",21,0.63677,2,0.1313,0.88175,1,1,0.05597
"Thiamine metabolism",7,0.21226,1,0.19424,0.71166,1,1,0
"Alanine, aspartate and glutamate metabolism",28,0.84903,2,0.20742,0.68314,1,1,0.08654
"Ubiquinone and other terpenoid-quinone biosynthesis",9,0.2729,1,0.24259,0.61512,1,1,0
"Vitamin B6 metabolism",9,0.2729,1,0.24259,0.61512,1,1,0.4902
"Glyoxylate and dicarboxylate metabolism",32,0.97032,2,0.25288,0.59709,1,1,0.04233
"Phenylalanine metabolism",10,0.30323,1,0.26569,0.57562,1,1,0
"Amino sugar and nucleotide sugar metabolism",37,1.1219,2,0.31006,0.50856,1,1,0.05035
"Valine, leucine and isoleucine degradation",40,1.2129,2,0.34406,0.46336,1,1,0.02264
"Tryptophan metabolism",41,1.2432,2,0.3553,0.44941,1,1,0.16995
"Nicotinate and nicotinamide metabolism",15,0.45484,1,0.37124,0.43034,1,1,0
"Histidine metabolism",16,0.48516,1,0.39049,0.40839,1,1,0.22131
"Fructose and mannose metabolism",20,0.60645,1,0.4619,0.33546,1,1,0.03313
"Citrate cycle (TCA cycle)",20,0.60645,1,0.4619,0.33546,1,1,0.04634
"Sphingolipid metabolism",21,0.63677,1,0.47843,0.32019,1,1,0
"Pentose phosphate pathway",22,0.6671,1,0.49446,0.30587,1,1,0.04712
"Pyruvate metabolism",22,0.6671,1,0.49446,0.30587,1,1,0.20684
"Glycolysis / Gluconeogenesis",26,0.78839,1,0.5539,0.25657,1,1,0.10044
"Galactose metabolism",27,0.81871,1,0.56766,0.24591,1,1,0
"Glutathione metabolism",28,0.84903,1,0.581,0.23582,1,1,0.00343
"Pyrimidine metabolism",39,1.1826,1,0.70361,0.15267,1,1,0.0256
"Steroid hormone biosynthesis",85,2.5774,2,0.74155,0.12986,1,1,0.00558
"Primary bile acid biosynthesis",46,1.3948,1,0.76253,0.11774,1,1,0.00758
