"","Total","Expected","Hits","Raw p","-log10(p)","Holm adjust","FDR","Impact"
"Aminoacyl-tRNA biosynthesis",48,4.2735,17,2.0589e-07,6.6864,1.7294e-05,1.7294e-05,0.16667
"Alanine, aspartate and glutamate metabolism",28,2.4929,10,7.3748e-05,4.1323,0.0061211,0.0021585,0.71716
"Arginine biosynthesis",14,1.2465,7,7.709e-05,4.113,0.0063213,0.0021585,0.42132
"Valine, leucine and isoleucine biosynthesis",8,0.71226,5,0.00023447,3.6299,0.018992,0.0049239,0
"D-Glutamine and D-glutamate metabolism",6,0.53419,4,0.00078448,3.1054,0.062759,0.013179,0.5
"Butanoate metabolism",15,1.3355,4,0.037805,1.4225,1,0.50272,0.03175
"Phenylalanine, tyrosine and tryptophan biosynthesis",4,0.35613,2,0.041893,1.3779,1,0.50272,1
"Glycine, serine and threonine metabolism",33,2.9381,6,0.066353,1.1781,1,0.69671,0.51318
"Nitrogen metabolism",6,0.53419,2,0.093037,1.0313,1,0.81004,0
"Glutathione metabolism",28,2.4929,5,0.096434,1.0158,1,0.81004,0.42824
"Glyoxylate and dicarboxylate metabolism",32,2.849,5,0.14914,0.8264,1,0.93038,0.14815
"Ascorbate and aldarate metabolism",8,0.71226,2,0.15457,0.81088,1,0.93038,0.5
"Cysteine and methionine metabolism",33,2.9381,5,0.16393,0.78535,1,0.93038,0.1263
"Neomycin, kanamycin and gentamicin biosynthesis",2,0.17806,1,0.17019,0.76907,1,0.93038,0
"Pentose and glucuronate interconversions",18,1.6026,3,0.21141,0.67488,1,0.93038,0.29688
"Starch and sucrose metabolism",18,1.6026,3,0.21141,0.67488,1,0.93038,0.49376
"Biosynthesis of unsaturated fatty acids",36,3.2052,5,0.21148,0.67472,1,0.93038,0
"Galactose metabolism",27,2.4039,4,0.21465,0.66827,1,0.93038,0.08787
"Caffeine metabolism",10,0.89032,2,0.22152,0.65459,1,0.93038,0.30769
"Phenylalanine metabolism",10,0.89032,2,0.22152,0.65459,1,0.93038,0.35714
"Pantothenate and CoA biosynthesis",19,1.6916,3,0.23578,0.62749,1,0.94313,0.02143
"Citrate cycle (TCA cycle)",20,1.7806,3,0.26062,0.58399,1,0.99511,0.13763
"Valine, leucine and isoleucine degradation",40,3.5613,5,0.28065,0.55183,1,1,0.03348
"Riboflavin metabolism",4,0.35613,1,0.31159,0.50642,1,1,0.5
"Linoleic acid metabolism",5,0.44516,1,0.37304,0.42825,1,1,1
"Nicotinate and nicotinamide metabolism",15,1.3355,2,0.39155,0.40721,1,1,0
"Histidine metabolism",16,1.4245,2,0.42397,0.37267,1,1,0
"Glycerolipid metabolism",16,1.4245,2,0.42397,0.37267,1,1,0.28037
"Arginine and proline metabolism",38,3.3832,4,0.44267,0.35392,1,1,0.22166
"Porphyrin and chlorophyll metabolism",30,2.671,3,0.50844,0.29376,1,1,0.05288
"Taurine and hypotaurine metabolism",8,0.71226,1,0.52657,0.27854,1,1,0.42857
"Selenocompound metabolism",20,1.7806,2,0.54373,0.26462,1,1,0.06818
"Ubiquinone and other terpenoid-quinone biosynthesis",9,0.80129,1,0.56894,0.24493,1,1,0
"Sphingolipid metabolism",21,1.8697,2,0.57088,0.24345,1,1,0.04462
"beta-Alanine metabolism",21,1.8697,2,0.57088,0.24345,1,1,0.05597
"Biotin metabolism",10,0.89032,1,0.60754,0.21642,1,1,0
"Propanoate metabolism",23,2.0477,2,0.62164,0.20646,1,1,0
"Glycerophospholipid metabolism",36,3.2052,3,0.63575,0.19671,1,1,0.11999
"Amino sugar and nucleotide sugar metabolism",37,3.2942,3,0.65462,0.18401,1,1,0
"Lysine degradation",25,2.2258,2,0.66769,0.17543,1,1,0
"Tyrosine metabolism",42,3.7394,3,0.73846,0.13167,1,1,0.13972
"Inositol phosphate metabolism",30,2.671,2,0.76321,0.11736,1,1,0.12939
"Primary bile acid biosynthesis",46,4.0955,3,0.79335,0.10053,1,1,0.06581
"Fatty acid biosynthesis",47,4.1845,3,0.80549,0.093938,1,1,0.01473
"Terpenoid backbone biosynthesis",18,1.6026,1,0.81515,0.088765,1,1,0
"Purine metabolism",65,5.7871,4,0.84715,0.072037,1,1,0.06186
"Pentose phosphate pathway",22,1.9587,1,0.87333,0.058822,1,1,0.04712
"Pyruvate metabolism",22,1.9587,1,0.87333,0.058822,1,1,0.20684
"Fatty acid degradation",39,3.4723,2,0.8765,0.057248,1,1,0
"Pyrimidine metabolism",39,3.4723,2,0.8765,0.057248,1,1,0.0256
"Tryptophan metabolism",41,3.6503,2,0.89374,0.048786,1,1,0.09619
"Glycolysis / Gluconeogenesis",26,2.3148,1,0.91329,0.039392,1,1,0.10044
"Phosphatidylinositol signaling system",28,2.4929,1,0.92829,0.032318,1,1,0.03736
"Arachidonic acid metabolism",36,3.2052,1,0.96654,0.014782,1,1,0.3135
"Fatty acid elongation",39,3.4723,1,0.97488,0.011047,1,1,0
"Steroid biosynthesis",42,3.7394,1,0.98116,0.0082605,1,1,0.0282
"Steroid hormone biosynthesis",85,7.5677,3,0.98626,0.0060091,1,1,0.11594
