"","Total","Expected","Hits","Raw p","-log10(p)","Holm adjust","FDR","Impact"
"Neomycin, kanamycin and gentamicin biosynthesis",2,0.029677,1,0.029467,1.5307,1,1,0
"Aminoacyl-tRNA biosynthesis",48,0.71226,3,0.031951,1.4955,1,1,0
"Phenylalanine, tyrosine and tryptophan biosynthesis",4,0.059355,1,0.058102,1.2358,1,1,0.5
"Biosynthesis of unsaturated fatty acids",36,0.53419,2,0.097841,1.0095,1,1,0
"Glycerophospholipid metabolism",36,0.53419,2,0.097841,1.0095,1,1,0.01736
"Valine, leucine and isoleucine biosynthesis",8,0.11871,1,0.11297,0.94705,1,1,0
"Phenylalanine metabolism",10,0.14839,1,0.13924,0.85624,1,1,0.35714
"Fatty acid biosynthesis",47,0.69742,2,0.15236,0.81714,1,1,0.01473
"Nicotinate and nicotinamide metabolism",15,0.22258,1,0.2017,0.69529,1,1,0.13816
"Starch and sucrose metabolism",18,0.2671,1,0.23708,0.62511,1,1,0.4207
"Citrate cycle (TCA cycle)",20,0.29677,1,0.25982,0.58533,1,1,0.04498
"Sphingolipid metabolism",21,0.31161,1,0.27095,0.56712,1,1,0.02434
"Galactose metabolism",27,0.40065,1,0.33442,0.47571,1,1,0.03499
"Glutathione metabolism",28,0.41548,1,0.34447,0.46285,1,1,0.00709
"Porphyrin and chlorophyll metabolism",30,0.44516,1,0.36414,0.43873,1,1,0.05288
"Glyoxylate and dicarboxylate metabolism",32,0.47484,1,0.38325,0.41652,1,1,0
"Glycine, serine and threonine metabolism",33,0.48968,1,0.39259,0.40606,1,1,0.09293
"Fatty acid elongation",39,0.57871,1,0.44588,0.35078,1,1,0
"Fatty acid degradation",39,0.57871,1,0.44588,0.35078,1,1,0
"Valine, leucine and isoleucine degradation",40,0.59355,1,0.45431,0.34265,1,1,0
"Tryptophan metabolism",41,0.60839,1,0.46262,0.33477,1,1,0.14305
"Primary bile acid biosynthesis",46,0.68258,1,0.5024,0.29895,1,1,0.00977
"Purine metabolism",65,0.96452,1,0.62937,0.2011,1,1,0.01651
