"","Total","Expected","Hits","Raw p","-log10(p)","Holm adjust","FDR","Impact"
"Alanine, aspartate and glutamate metabolism",28,1.2826,9,1.8336e-06,5.7367,0.00015402,0.00015402,0.67389
"Glyoxylate and dicarboxylate metabolism",32,1.4658,9,6.4212e-06,5.1924,0.00053296,0.00023823,0.45239
"Glycine, serine and threonine metabolism",33,1.5116,9,8.5081e-06,5.0702,0.00069767,0.00023823,0.31
"Arginine biosynthesis",14,0.64129,6,1.6808e-05,4.7745,0.0013615,0.00035297,0.2538
"Citrate cycle (TCA cycle)",20,0.91613,6,0.00017412,3.7592,0.013929,0.0029252,0.38995
"Aminoacyl-tRNA biosynthesis",48,2.1987,8,0.0011246,2.949,0.088844,0.015744,0.16667
"D-Glutamine and D-glutamate metabolism",6,0.27484,3,0.0016691,2.7775,0.13019,0.020029,0.5
"Valine, leucine and isoleucine biosynthesis",8,0.36645,3,0.0043723,2.3593,0.33667,0.045909,0
"Glutathione metabolism",28,1.2826,5,0.0075453,2.1223,0.57344,0.070423,0.03018
"Pantothenate and CoA biosynthesis",19,0.87032,4,0.0092955,2.0317,0.69716,0.078082,0
"Cysteine and methionine metabolism",33,1.5116,5,0.015245,1.8169,1,0.11067,0.2963
"Pyruvate metabolism",22,1.0077,4,0.01581,1.8011,1,0.11067,0.32348
"Arginine and proline metabolism",38,1.7406,5,0.026997,1.5687,1,0.15788,0.25449
"Nitrogen metabolism",6,0.27484,2,0.027538,1.5601,1,0.15788,0
"Butanoate metabolism",15,0.6871,3,0.028194,1.5498,1,0.15788,0
"Histidine metabolism",16,0.7329,3,0.033582,1.4739,1,0.1763,0.09016
"Taurine and hypotaurine metabolism",8,0.36645,2,0.04844,1.3148,1,0.22605,0.28571
"Ascorbate and aldarate metabolism",8,0.36645,2,0.04844,1.3148,1,0.22605,0.5
"beta-Alanine metabolism",21,0.96194,3,0.067781,1.1689,1,0.29966,0.05597
"Biosynthesis of unsaturated fatty acids",36,1.649,4,0.078796,1.1035,1,0.33094,0
"Glycerolipid metabolism",16,0.7329,2,0.16441,0.78406,1,0.65766,0.28037
"Glycerophospholipid metabolism",36,1.649,3,0.22589,0.6461,1,0.8625,0.15489
"Sphingolipid metabolism",21,0.96194,2,0.24962,0.60272,1,0.91165,0.02434
"Thiamine metabolism",7,0.32065,1,0.28027,0.55243,1,0.98093,0
"Lysine degradation",25,1.1452,2,0.31896,0.49626,1,1,0
"Glycolysis / Gluconeogenesis",26,1.191,2,0.33614,0.47348,1,1,0.10044
"Galactose metabolism",27,1.2368,2,0.3532,0.45198,1,1,0
"Porphyrin and chlorophyll metabolism",30,1.3742,2,0.4034,0.39426,1,1,0.05288
"Inositol phosphate metabolism",30,1.3742,2,0.4034,0.39426,1,1,0.12939
"Nicotinate and nicotinamide metabolism",15,0.6871,1,0.50668,0.29526,1,1,0
"Fatty acid degradation",39,1.7865,2,0.54154,0.26637,1,1,0
"Pyrimidine metabolism",39,1.7865,2,0.54154,0.26637,1,1,0.0743
"Valine, leucine and isoleucine degradation",40,1.8323,2,0.55551,0.25531,1,1,0.02168
"Pentose and glucuronate interconversions",18,0.82452,1,0.57206,0.24256,1,1,0.125
"Ether lipid metabolism",20,0.91613,1,0.61082,0.21409,1,1,0
"Fatty acid biosynthesis",47,2.1529,2,0.64491,0.1905,1,1,0.01473
"Propanoate metabolism",23,1.0535,1,0.66256,0.17878,1,1,0
"Phosphatidylinositol signaling system",28,1.2826,1,0.73413,0.13423,1,1,0.03736
"Arachidonic acid metabolism",36,1.649,1,0.81874,0.086855,1,1,0.3135
"Fatty acid elongation",39,1.7865,1,0.84308,0.074132,1,1,0
"Tyrosine metabolism",42,1.9239,1,0.86419,0.063391,1,1,0
"Steroid biosynthesis",42,1.9239,1,0.86419,0.063391,1,1,0.0282
"Primary bile acid biosynthesis",46,2.1071,1,0.88804,0.051569,1,1,0.05065
"Steroid hormone biosynthesis",85,3.8935,2,0.91177,0.040116,1,1,0.07322
"Purine metabolism",65,2.9774,1,0.95558,0.019733,1,1,0
