"","Total","Expected","Hits","Raw p","-log10(p)","Holm adjust","FDR","Impact"
"Arginine biosynthesis",14,0.26194,3,0.001868,2.7286,0.15691,0.15691,0.2538
"Arginine and proline metabolism",38,0.71097,4,0.0047015,2.3278,0.39023,0.19672,0.25449
"Taurine and hypotaurine metabolism",8,0.14968,2,0.0088294,2.0541,0.72401,0.19672,0.42857
"Primary bile acid biosynthesis",46,0.86065,4,0.0093677,2.0284,0.75878,0.19672,0.03345
"Biosynthesis of unsaturated fatty acids",36,0.67355,3,0.027783,1.5562,1,0.46675,0
"Aminoacyl-tRNA biosynthesis",48,0.89806,3,0.05794,1.237,1,0.74366,0
"Pyruvate metabolism",22,0.41161,2,0.061971,1.2078,1,0.74366,0.29082
"Glutathione metabolism",28,0.52387,2,0.094694,1.0237,1,0.74987,0.01966
"Alanine, aspartate and glutamate metabolism",28,0.52387,2,0.094694,1.0237,1,0.74987,0.19712
"Nitrogen metabolism",6,0.11226,1,0.1073,0.96939,1,0.74987,0
"D-Glutamine and D-glutamate metabolism",6,0.11226,1,0.1073,0.96939,1,0.74987,0.5
"Glyoxylate and dicarboxylate metabolism",32,0.59871,2,0.11874,0.9254,1,0.74987,0
"Glycine, serine and threonine metabolism",33,0.61742,2,0.12498,0.90316,1,0.74987,0.05034
"Cysteine and methionine metabolism",33,0.61742,2,0.12498,0.90316,1,0.74987,0.10446
"Fatty acid biosynthesis",47,0.87935,2,0.21872,0.66012,1,1,0.01473
"Butanoate metabolism",15,0.28065,1,0.24769,0.6061,1,1,0
"Nicotinate and nicotinamide metabolism",15,0.28065,1,0.24769,0.6061,1,1,0.1943
"Histidine metabolism",16,0.29935,1,0.2619,0.58186,1,1,0
"Citrate cycle (TCA cycle)",20,0.37419,1,0.3162,0.50003,1,1,0.04634
"Purine metabolism",65,1.2161,2,0.34544,0.46163,1,1,0.01885
"Lysine degradation",25,0.46774,1,0.37868,0.42173,1,1,0
"Glycolysis / Gluconeogenesis",26,0.48645,1,0.39049,0.40839,1,1,0.10044
"Porphyrin and chlorophyll metabolism",30,0.56129,1,0.43562,0.36089,1,1,0
"Fatty acid elongation",39,0.72968,1,0.52567,0.27928,1,1,0
"Fatty acid degradation",39,0.72968,1,0.52567,0.27928,1,1,0
"Tryptophan metabolism",41,0.7671,1,0.54371,0.26463,1,1,0.09417
"Tyrosine metabolism",42,0.78581,1,0.55248,0.25768,1,1,0
