"","Total","Expected","Hits","Raw p","-log10(p)","Holm adjust","FDR","Impact"
"Arginine biosynthesis",14,0.21677,5,1.0469e-06,5.9801,8.7942e-05,8.7942e-05,0.11675
"Alanine, aspartate and glutamate metabolism",28,0.43355,6,2.1297e-06,5.6717,0.00017676,8.9446e-05,0.67148
"Aminoacyl-tRNA biosynthesis",48,0.74323,7,4.058e-06,5.3917,0.00033276,0.00011362,0
"D-Glutamine and D-glutamate metabolism",6,0.092903,3,6.3373e-05,4.1981,0.0051332,0.0013308,0.5
"Butanoate metabolism",15,0.23226,3,0.001315,2.8811,0.1052,0.022093,0.03175
"Histidine metabolism",16,0.24774,3,0.0016021,2.7953,0.12656,0.022429,0.22131
"Arginine and proline metabolism",38,0.58839,4,0.0022975,2.6387,0.1792,0.02757,0.24864
"Citrate cycle (TCA cycle)",20,0.30968,3,0.0031309,2.5043,0.24108,0.030986,0.08837
"Nitrogen metabolism",6,0.092903,2,0.0033199,2.4789,0.25231,0.030986,0
"beta-Alanine metabolism",21,0.32516,2,0.040341,1.3943,1,0.3357,0
"Pyruvate metabolism",22,0.34065,2,0.043961,1.3569,1,0.3357,0
"Linoleic acid metabolism",5,0.077419,1,0.075153,1.1241,1,0.50778,1
"Glyoxylate and dicarboxylate metabolism",32,0.49548,2,0.085975,1.0656,1,0.50778,0
"Glycine, serine and threonine metabolism",33,0.51097,2,0.090675,1.0425,1,0.50778,0.0726
"Cysteine and methionine metabolism",33,0.51097,2,0.090675,1.0425,1,0.50778,0.283
"Biosynthesis of unsaturated fatty acids",36,0.55742,2,0.10522,0.9779,1,0.55241,0
"Pyrimidine metabolism",39,0.60387,2,0.12037,0.91948,1,0.59478,0.05729
"Phenylalanine metabolism",10,0.15484,1,0.14488,0.839,1,0.6405,0
"Biotin metabolism",10,0.15484,1,0.14488,0.839,1,0.6405,0
"Primary bile acid biosynthesis",46,0.71226,2,0.15763,0.80236,1,0.66204,0.01782
"alpha-Linolenic acid metabolism",13,0.20129,1,0.18426,0.73457,1,0.73704,0.33333
"Nicotinate and nicotinamide metabolism",15,0.23226,1,0.20955,0.67872,1,0.80008,0
"Pantothenate and CoA biosynthesis",19,0.29419,1,0.25788,0.58858,1,0.94182,0
"Lysine degradation",25,0.3871,1,0.32511,0.48797,1,1,0
"Glycolysis / Gluconeogenesis",26,0.40258,1,0.33573,0.47401,1,1,0.1055
"Glutathione metabolism",28,0.43355,1,0.35649,0.44795,1,1,0.01966
"Porphyrin and chlorophyll metabolism",30,0.46452,1,0.37663,0.42408,1,1,0
"Tyrosine metabolism",42,0.65032,1,0.48537,0.31393,1,1,0.02463
"Purine metabolism",65,1.0065,1,0.64514,0.19034,1,1,0
