"","Total","Expected","Hits","Raw p","-log10(p)","Holm adjust","FDR","Impact"
"Ribosome",153,0.98797,11,2.4598e-09,8.6091,8.1419e-07,8.1419e-07,0
"Herpes simplex virus 1 infection",491,3.1705,10,0.00099561,3.0019,0.32855,0.16477,0
"Shigellosis",67,0.43264,3,0.0090899,2.0414,1,0.93066,0.0023229
"Ubiquitin mediated proteolysis",136,0.8782,4,0.011248,1.9489,1,0.93066,0
"mTOR signaling pathway",153,0.98797,4,0.016717,1.7768,1,0.93066,0.0097533
"Circadian rhythm",31,0.20018,2,0.01687,1.7729,1,0.93066,0
"Basal transcription factors",45,0.29058,2,0.033922,1.4695,1,1,0
"Vibrio cholerae infection",50,0.32287,2,0.04113,1.3858,1,1,0
"Cell cycle",124,0.80071,3,0.045596,1.3411,1,1,0.009355
"Salmonella infection",80,0.51659,2,0.094016,1.0268,1,1,0.002551
"Colorectal cancer",86,0.55533,2,0.10617,0.97401,1,1,0
"Protein export",23,0.14852,1,0.13861,0.8582,1,1,0
"Mismatch repair",23,0.14852,1,0.13861,0.8582,1,1,0
"Pathogenic Escherichia coli infection",201,1.2979,3,0.13975,0.85464,1,1,0.0011613
"Human immunodeficiency virus 1 infection",212,1.369,3,0.15646,0.8056,1,1,0
"Collecting duct acid secretion",27,0.17435,1,0.16071,0.79395,1,1,0
"Autophagy - other",32,0.20663,1,0.18756,0.72686,1,1,0
"FoxO signaling pathway",131,0.84591,2,0.20711,0.68379,1,1,0.00062153
"Vascular smooth muscle contraction",132,0.85237,2,0.20948,0.67885,1,1,0.0054326
"Oxidative phosphorylation",133,0.85883,2,0.21185,0.67396,1,1,0
"Thyroid cancer",37,0.23892,1,0.21357,0.67047,1,1,0
"Aldosterone-regulated sodium reabsorption",37,0.23892,1,0.21357,0.67047,1,1,0.039683
"Phagosome",152,0.98151,2,0.25732,0.58953,1,1,0
"Nucleotide excision repair",47,0.30349,1,0.26315,0.5798,1,1,0
"Wnt signaling pathway",160,1.0332,2,0.27657,0.55819,1,1,0
"Cellular senescence",160,1.0332,2,0.27657,0.55819,1,1,0.0020631
"Hedgehog signaling pathway",50,0.32287,1,0.27742,0.55686,1,1,0
"Protein processing in endoplasmic reticulum",166,1.0719,2,0.291,0.5361,1,1,0
"cGMP-PKG signaling pathway",167,1.0784,2,0.29341,0.53253,1,1,0.00090334
"Pyrimidine metabolism",57,0.36807,1,0.30967,0.50911,1,1,0.059097
"Endometrial cancer",58,0.37453,1,0.31416,0.50285,1,1,0
"NOD-like receptor signaling pathway",181,1.1688,2,0.32693,0.48554,1,1,0
"Basal cell carcinoma",63,0.40681,1,0.33618,0.47343,1,1,0
"Non-small cell lung cancer",66,0.42618,1,0.34906,0.4571,1,1,0
"Renin secretion",69,0.44556,1,0.3617,0.44165,1,1,0
"Epithelial cell signaling in Helicobacter pylori infection",70,0.45201,1,0.36586,0.43669,1,1,0
"Melanoma",72,0.46493,1,0.37409,0.42702,1,1,0
"p53 signaling pathway",72,0.46493,1,0.37409,0.42702,1,1,0.0016317
"Platinum drug resistance",73,0.47139,1,0.37817,0.42231,1,1,0
"Bacterial invasion of epithelial cells",73,0.47139,1,0.37817,0.42231,1,1,0.0071982
"Glioma",75,0.4843,1,0.38625,0.41313,1,1,0
"PPAR signaling pathway",76,0.49076,1,0.39025,0.40866,1,1,0
"Pancreatic cancer",76,0.49076,1,0.39025,0.40866,1,1,0
"Chronic myeloid leukemia",76,0.49076,1,0.39025,0.40866,1,1,0
"Synaptic vesicle cycle",78,0.50367,1,0.39818,0.39992,1,1,0
"Regulation of actin cytoskeleton",213,1.3754,2,0.40183,0.39596,1,1,0.040552
"RNA degradation",79,0.51013,1,0.4021,0.39566,1,1,0
"Cardiac muscle contraction",86,0.55533,1,0.42888,0.36766,1,1,0
"Insulin secretion",86,0.55533,1,0.42888,0.36766,1,1,0
"Salivary secretion",90,0.58116,1,0.44365,0.35296,1,1,0
"Small cell lung cancer",92,0.59407,1,0.4509,0.34592,1,1,0
"Fc gamma R-mediated phagocytosis",93,0.60053,1,0.45449,0.34248,1,1,0
"Rheumatoid arthritis",93,0.60053,1,0.45449,0.34248,1,1,0
"Circadian entrainment",97,0.62636,1,0.46861,0.32919,1,1,0
"Glycerophospholipid metabolism",97,0.62636,1,0.46861,0.32919,1,1,0.01637
"Endocytosis",249,1.6079,2,0.48136,0.31753,1,1,0
"Pancreatic secretion",102,0.65865,1,0.48576,0.31358,1,1,0
"Leukocyte transendothelial migration",112,0.72322,1,0.51844,0.2853,1,1,0.0043956
"Sphingolipid signaling pathway",119,0.76842,1,0.5401,0.26752,1,1,0.0021078
"Yersinia infection",120,0.77488,1,0.54312,0.26511,1,1,0
"Platelet activation",124,0.80071,1,0.55499,0.25572,1,1,0.0018712
"Oocyte meiosis",128,0.82654,1,0.56655,0.24676,1,1,0
"Spliceosome",135,0.87174,1,0.58609,0.23204,1,1,0
"Apoptosis",136,0.8782,1,0.5888,0.23003,1,1,0
"Autophagy - animal",137,0.88465,1,0.59151,0.22804,1,1,0.036543
"Parkinson disease",142,0.91694,1,0.60476,0.21842,1,1,0
"Breast cancer",147,0.94923,1,0.61758,0.2093,1,1,0
"Non-alcoholic fatty liver disease (NAFLD)",149,0.96214,1,0.6226,0.20579,1,1,0
"Gastric cancer",149,0.96214,1,0.6226,0.20579,1,1,0
"Oxytocin signaling pathway",153,0.98797,1,0.63244,0.19898,1,1,0.0010526
"Hippo signaling pathway",154,0.99443,1,0.63486,0.19732,1,1,0
"Hepatitis C",155,1.0009,1,0.63727,0.19568,1,1,0
"Hepatocellular carcinoma",168,1.0848,1,0.66715,0.17578,1,1,0
"Tight junction",169,1.0913,1,0.66934,0.17435,1,1,0.0011609
"Influenza A",170,1.0977,1,0.67153,0.17294,1,1,0
"Alzheimer disease",171,1.1042,1,0.67369,0.17154,1,1,0
"Pathways in cancer",531,3.4288,3,0.67613,0.16997,1,1,0
"Axon guidance",181,1.1688,1,0.69461,0.15826,1,1,0.00018139
"Transcriptional misregulation in cancer",186,1.2011,1,0.70458,0.15207,1,1,0
"Chemokine signaling pathway",189,1.2204,1,0.7104,0.1485,1,1,0
"Huntington disease",193,1.2463,1,0.71799,0.14388,1,1,0
"Focal adhesion",199,1.285,1,0.72901,0.13727,1,1,0.014543
"Epstein-Barr virus infection",201,1.2979,1,0.73259,0.13514,1,1,0
"Viral carcinogenesis",201,1.2979,1,0.73259,0.13514,1,1,0
"Proteoglycans in cancer",204,1.3173,1,0.73787,0.13202,1,1,0.00065327
"cAMP signaling pathway",216,1.3948,1,0.75799,0.12034,1,1,0.0055548
"Human cytomegalovirus infection",225,1.4529,1,0.77208,0.11234,1,1,0.00011086
"Thermogenesis",231,1.4916,1,0.78102,0.10734,1,1,0
"MAPK signaling pathway",295,1.9049,1,0.8574,0.066818,1,1,0
"Human papillomavirus infection",330,2.1309,1,0.88739,0.051888,1,1,0
"PI3K-Akt signaling pathway",354,2.2859,1,0.90428,0.043698,1,1,0
