"","Total","Expected","Hits","Raw p","-log10(p)","Holm adjust","FDR","Impact"
"Ribosome biogenesis in eukaryotes",105,4.2409,18,1.6599e-07,6.7799,5.4944e-05,5.4944e-05,0
"Protein digestion and absorption",95,3.837,15,5.2555e-06,5.2794,0.0017343,0.00086705,0
"Gastric acid secretion",75,3.0292,13,7.8584e-06,5.1047,0.0025854,0.00086705,0.01546
"Spliceosome",135,5.4526,17,2.7969e-05,4.5533,0.009174,0.0023145,0
"RNA transport",165,6.6643,18,0.00011167,3.952,0.036517,0.0073928,0.0027183
"Glycerophospholipid metabolism",97,3.9178,10,0.0055939,2.2523,1,0.3086,0.30857
"Proteasome",45,1.8175,6,0.0089297,2.0492,1,0.42225,0
"mRNA surveillance pathway",91,3.6755,9,0.010915,1.962,1,0.45159,0.00048701
"RNA degradation",79,3.1908,8,0.014004,1.8538,1,0.51503,0
"Purine metabolism",130,5.2507,11,0.015825,1.8007,1,0.5238,0.53754
"Glutathione metabolism",56,2.2618,6,0.024643,1.6083,1,0.67833,0.10025
"ECM-receptor interaction",88,3.5543,8,0.025316,1.5966,1,0.67833,0
"Pyrimidine metabolism",57,2.3022,6,0.026641,1.5744,1,0.67833,0.30123
"Apoptosis",136,5.493,10,0.048192,1.317,1,1,0.0038717
"Focal adhesion",199,8.0376,13,0.059226,1.2275,1,1,0.064252
"Histidine metabolism",23,0.92897,3,0.063623,1.1964,1,1,0.047418
"Drug metabolism - cytochrome P450",72,2.9081,6,0.069946,1.1552,1,1,0.0031441
"Regulation of lipolysis in adipocytes",55,2.2214,5,0.0701,1.1543,1,1,0.015254
"Metabolism of xenobiotics by cytochrome P450",76,3.0696,6,0.085894,1.066,1,1,0.0043078
"cAMP signaling pathway",216,8.7242,13,0.097633,1.0104,1,1,0.26846
"Glycerolipid metabolism",61,2.4638,5,0.099069,1.0041,1,1,0.099609
"AGE-RAGE signaling pathway in diabetic complications",100,4.039,7,0.10911,0.96214,1,1,0
"Biotin metabolism",3,0.12117,1,0.11636,0.93421,1,1,0.025605
"Amoebiasis",102,4.1198,7,0.11784,0.9287,1,1,0
"Glycosphingolipid biosynthesis - globo and isoglobo series",15,0.60585,2,0.1209,0.91756,1,1,0.12281
"PI3K-Akt signaling pathway",354,14.298,19,0.12483,0.90368,1,1,0.00563
"Amino sugar and nucleotide sugar metabolism",48,1.9387,4,0.12752,0.89442,1,1,0.053021
"Antifolate resistance",31,1.2521,3,0.12812,0.89238,1,1,0
"beta-Alanine metabolism",31,1.2521,3,0.12812,0.89238,1,1,0.098376
"Ovarian steroidogenesis",49,1.9791,4,0.13472,0.87058,1,1,0.0085601
"Gap junction",88,3.5543,6,0.14444,0.84031,1,1,0.016968
"Amyotrophic lateral sclerosis (ALS)",51,2.0599,4,0.14959,0.82511,1,1,0.0048917
"Relaxin signaling pathway",129,5.2103,8,0.15032,0.82297,1,1,0.040891
"Propanoate metabolism",34,1.3733,3,0.15657,0.80529,1,1,0.013522
"Fatty acid biosynthesis",18,0.72702,2,0.16306,0.78767,1,1,0.039733
"Bile secretion",72,2.9081,5,0.16497,0.78261,1,1,0.00043706
"p53 signaling pathway",72,2.9081,5,0.16497,0.78261,1,1,0.0031469
"Ribosome",153,6.1797,9,0.16571,0.78065,1,1,0
"Small cell lung cancer",92,3.7159,6,0.16721,0.77675,1,1,0.0039216
"Alanine, aspartate and glutamate metabolism",36,1.454,3,0.17652,0.75321,1,1,0.05469
"Thyroid hormone synthesis",74,2.9889,5,0.17848,0.7484,1,1,0.0017917
"Aldosterone-regulated sodium reabsorption",37,1.4944,3,0.18675,0.72875,1,1,0
"One carbon pool by folate",20,0.8078,2,0.1924,0.71579,1,1,0.053444
"Endocrine resistance",98,3.9582,6,0.20394,0.6905,1,1,0.020704
"Mineral absorption",58,2.3426,4,0.20598,0.68617,1,1,0.00014006
"Pyruvate metabolism",39,1.5752,3,0.20764,0.68269,1,1,0.12192
"Progesterone-mediated oocyte maturation",99,3.9986,6,0.21033,0.6771,1,1,0.024359
"Drug metabolism - other enzymes",79,3.1908,5,0.21396,0.66967,1,1,0.020449
"Protein processing in endoplasmic reticulum",166,6.7047,9,0.22815,0.64178,1,1,0.00035939
"Fat digestion and absorption",41,1.656,3,0.22902,0.64013,1,1,0
"Pancreatic secretion",102,4.1198,6,0.22991,0.63844,1,1,0.0011236
"Lysine degradation",61,2.4638,4,0.23182,0.63484,1,1,0.0083162
"Cell cycle",124,5.0084,7,0.23478,0.62935,1,1,0.018828
"Chemical carcinogenesis",82,3.312,5,0.23624,0.62665,1,1,0
"Mannose type O-glycan biosynthesis",23,0.92897,2,0.23747,0.62439,1,1,0.0079787
"Arachidonic acid metabolism",63,2.5446,4,0.24947,0.60297,1,1,0.088141
"Vitamin digestion and absorption",24,0.96936,2,0.25264,0.5975,1,1,0
"Cortisol synthesis and secretion",65,2.6253,4,0.2674,0.57284,1,1,0.011397
"Glycolysis or Gluconeogenesis",68,2.7465,4,0.2947,0.53063,1,1,0.16
"Sphingolipid metabolism",47,1.8983,3,0.2951,0.53003,1,1,0.046972
"Ether lipid metabolism",47,1.8983,3,0.2951,0.53003,1,1,0.075028
"Collecting duct acid secretion",27,1.0905,2,0.29818,0.52553,1,1,0
"Glycosphingolipid biosynthesis - lacto and neolacto series",27,1.0905,2,0.29818,0.52553,1,1,0.04194
"Salivary secretion",90,3.6351,5,0.29834,0.52529,1,1,0.0028986
"Glutamatergic synapse",114,4.6045,6,0.313,0.50446,1,1,0.054244
"Hippo signaling pathway - multiple species",29,1.1713,2,0.32832,0.4837,1,1,0.018272
"Linoleic acid metabolism",29,1.1713,2,0.32832,0.4837,1,1,0.042724
"Arginine and proline metabolism",50,2.0195,3,0.32865,0.48326,1,1,0.00044209
"TGF-beta signaling pathway",94,3.7967,5,0.33036,0.48101,1,1,0.002057
"Platinum drug resistance",73,2.9485,4,0.34085,0.46743,1,1,0
"Pentose phosphate pathway",30,1.2117,2,0.34326,0.46437,1,1,0.050308
"Thyroid hormone signaling pathway",119,4.8064,6,0.34906,0.4571,1,1,0.0012579
"Circadian entrainment",97,3.9178,5,0.3546,0.45026,1,1,0.0366
"RNA polymerase",31,1.2521,2,0.3581,0.44599,1,1,0
"Galactose metabolism",31,1.2521,2,0.3581,0.44599,1,1,0.22438
"Notch signaling pathway",53,2.1407,3,0.36218,0.44107,1,1,0.08547
"Choline metabolism in cancer",98,3.9582,5,0.3627,0.44046,1,1,0.0065312
"Taurine and hypotaurine metabolism",11,0.44429,1,0.36479,0.43795,1,1,0.0036946
"Calcium signaling pathway",193,7.7953,9,0.37785,0.42269,1,1,0.0030729
"Phospholipase D signaling pathway",148,5.9777,7,0.38992,0.40903,1,1,0.027565
"Pathways in cancer",531,21.447,23,0.39407,0.40443,1,1,0.002752
"Adrenergic signaling in cardiomyocytes",149,6.0181,7,0.3966,0.40164,1,1,0.0067404
"Oocyte meiosis",128,5.1699,6,0.41461,0.38236,1,1,0.011345
"Non-homologous end-joining",13,0.52507,1,0.41514,0.3818,1,1,0
"DNA replication",36,1.454,2,0.43018,0.36635,1,1,0
"Tyrosine metabolism",36,1.454,2,0.43018,0.36635,1,1,0.046169
"Starch and sucrose metabolism",36,1.454,2,0.43018,0.36635,1,1,0.10373
"Insulin secretion",86,3.4735,4,0.46028,0.33698,1,1,0.027882
"Human papillomavirus infection",330,13.329,14,0.46446,0.33305,1,1,0.00032757
"Ubiquitin mediated proteolysis",136,5.493,6,0.47231,0.32577,1,1,0
"GnRH secretion",64,2.585,3,0.48139,0.3175,1,1,0
"Ferroptosis",40,1.6156,2,0.48465,0.31457,1,1,0
"Glycine, serine and threonine metabolism",40,1.6156,2,0.48465,0.31457,1,1,0.067059
"Nitrogen metabolism",17,0.68663,1,0.50421,0.29739,1,1,0.00048309
"Phenylalanine metabolism",17,0.68663,1,0.50421,0.29739,1,1,0.0035211
"Retinol metabolism",67,2.7061,3,0.51215,0.29061,1,1,0.027805
"Growth hormone synthesis, secretion and action",119,4.8064,5,0.52901,0.27653,1,1,0.013057
"Central carbon metabolism in cancer",69,2.7869,3,0.53211,0.274,1,1,0.0036741
"Adipocytokine signaling pathway",69,2.7869,3,0.53211,0.274,1,1,0.01052
"Fatty acid degradation",44,1.7772,2,0.53578,0.27101,1,1,0.013317
"Vasopressin-regulated water reabsorption",44,1.7772,2,0.53578,0.27101,1,1,0.021368
"AMPK signaling pathway",120,4.8468,5,0.53652,0.27041,1,1,0
"ABC transporters",45,1.8175,2,0.54801,0.26121,1,1,0
"Prostate cancer",97,3.9178,4,0.55519,0.25556,1,1,0.0085933
"Lysosome",123,4.968,5,0.55871,0.25281,1,1,0
"Melanoma",72,2.9081,3,0.56117,0.25091,1,1,0.01089
"Various types of N-glycan biosynthesis",20,0.8078,1,0.56202,0.25025,1,1,0.0028481
"Aldosterone synthesis and secretion",98,3.9582,4,0.56339,0.24919,1,1,0.0038363
"Platelet activation",124,5.0084,5,0.56599,0.24719,1,1,0.017175
"Cysteine and methionine metabolism",49,1.9791,2,0.59465,0.22574,1,1,0.10115
"Glycosylphosphatidylinositol (GPI)-anchor biosynthesis",23,0.92897,1,0.6131,0.21247,1,1,0
"Mismatch repair",23,0.92897,1,0.6131,0.21247,1,1,0
"Renin-angiotensin system",23,0.92897,1,0.6131,0.21247,1,1,0
"Proximal tubule bicarbonate reclamation",23,0.92897,1,0.6131,0.21247,1,1,0
"Dopaminergic synapse",131,5.2911,5,0.61516,0.21101,1,1,0.012617
"Antigen processing and presentation",78,3.1504,3,0.61589,0.2105,1,1,0
"Endocrine and other factor-regulated calcium reabsorption",53,2.1407,2,0.6376,0.19545,1,1,0.00032468
"alpha-Linolenic acid metabolism",25,1.0097,1,0.64382,0.19124,1,1,0.00094268
"Autophagy - animal",137,5.5334,5,0.65461,0.18402,1,1,0
"Apelin signaling pathway",137,5.5334,5,0.65461,0.18402,1,1,0.02
"Peroxisome",83,3.3524,3,0.65785,0.18187,1,1,0
"Folate biosynthesis",26,1.0501,1,0.65825,0.18161,1,1,0.0012068
"Fluid shear stress and atherosclerosis",139,5.6142,5,0.66717,0.17576,1,1,0
"Cholinergic synapse",112,4.5237,4,0.66875,0.17474,1,1,0.024317
"cGMP-PKG signaling pathway",167,6.7451,6,0.67304,0.17196,1,1,0
"Signaling pathways regulating pluripotency of stem cells",140,5.6546,5,0.67334,0.17176,1,1,0.0013676
"Endocytosis",249,10.057,9,0.68197,0.16624,1,1,0
"Influenza A",170,6.8663,6,0.68968,0.16136,1,1,0.0028722
"GABAergic synapse",89,3.5947,3,0.70373,0.15259,1,1,0.0064935
"Sphingolipid signaling pathway",119,4.8064,4,0.71443,0.14604,1,1,0.00067751
"Morphine addiction",91,3.6755,3,0.71794,0.14391,1,1,0.0040404
"Yersinia infection",120,4.8468,4,0.72057,0.14233,1,1,0.00087719
"Longevity regulating pathway - multiple species",62,2.5042,2,0.72108,0.14201,1,1,0.0065312
"Mucin type O-glycan biosynthesis",31,1.2521,1,0.72212,0.14139,1,1,0.092995
"Proteoglycans in cancer",204,8.2396,7,0.72365,0.14047,1,1,5.0251e-05
"GnRH signaling pathway",93,3.7563,3,0.73162,0.13571,1,1,0.0027752
"Autophagy - other",32,1.2925,1,0.73339,0.13467,1,1,0
"Apoptosis - multiple species",32,1.2925,1,0.73339,0.13467,1,1,0
"IL-17 signaling pathway",94,3.7967,3,0.73826,0.13179,1,1,0
"Base excision repair",33,1.3329,1,0.7442,0.12831,1,1,0
"Fructose and mannose metabolism",33,1.3329,1,0.7442,0.12831,1,1,0.027147
"Mitophagy - animal",65,2.6253,2,0.74508,0.1278,1,1,0.0012755
"Hepatitis C",155,6.2604,5,0.7567,0.12107,1,1,0.003866
"Cushing syndrome",155,6.2604,5,0.7567,0.12107,1,1,0.0067841
"Hematopoietic cell lineage",98,3.9582,3,0.76354,0.11717,1,1,0
"Prion diseases",35,1.4136,1,0.76453,0.11661,1,1,0
"Phosphatidylinositol signaling system",99,3.9986,3,0.76954,0.11377,1,1,0.10691
"Renin secretion",69,2.7869,2,0.7743,0.11109,1,1,0.0045455
"Renal cell carcinoma",69,2.7869,2,0.7743,0.11109,1,1,0.0078321
"Melanogenesis",101,4.0794,3,0.78117,0.10725,1,1,0.0042283
"Vascular smooth muscle contraction",132,5.3315,4,0.78669,0.1042,1,1,0.01328
"Human T-cell leukemia virus 1 infection",219,8.8454,7,0.78819,0.10337,1,1,0.00011926
"Necroptosis",162,6.5432,5,0.78974,0.10252,1,1,0.0014871
"Systemic lupus erythematosus",133,5.3719,4,0.79159,0.1015,1,1,0
"Inositol phosphate metabolism",74,2.9889,2,0.8067,0.09329,1,1,0.022605
"Glucagon signaling pathway",106,4.2813,3,0.80814,0.092511,1,1,0.0011754
"Nicotine addiction",40,1.6156,1,0.80858,0.092275,1,1,0
"Glioma",75,3.0292,2,0.81266,0.090093,1,1,0.005898
"Estrogen signaling pathway",138,5.5738,4,0.81476,0.088968,1,1,0.017259
"Homologous recombination",41,1.656,1,0.81635,0.088121,1,1,0
"Bladder cancer",41,1.656,1,0.81635,0.088121,1,1,0.0010081
"Neuroactive ligand-receptor interaction",340,13.733,11,0.81721,0.087668,1,1,0
"Tight junction",169,6.8259,5,0.81918,0.08662,1,1,0.0045329
"HIF-1 signaling pathway",109,4.4025,3,0.82295,0.084628,1,1,0.10042
"Tryptophan metabolism",42,1.6964,1,0.82381,0.084173,1,1,0.022226
"Synaptic vesicle cycle",78,3.1504,2,0.82957,0.081148,1,1,0
"EGFR tyrosine kinase inhibitor resistance",79,3.1908,2,0.83489,0.078369,1,1,0.0072261
"TNF signaling pathway",112,4.5237,3,0.83677,0.077395,1,1,0
"Leukocyte transendothelial migration",112,4.5237,3,0.83677,0.077395,1,1,0
"Basal transcription factors",45,1.8175,1,0.84442,0.073444,1,1,0
"Cytokine-cytokine receptor interaction",294,11.875,9,0.84696,0.072137,1,1,0
"Serotonergic synapse",115,4.6448,3,0.84965,0.070759,1,1,0.0019425
"MAPK signaling pathway",295,11.915,9,0.84968,0.070743,1,1,0.0060976
"Breast cancer",147,5.9373,4,0.85114,0.069997,1,1,0.0012605
"Taste transduction",83,3.3524,2,0.85472,0.068174,1,1,0
"Retrograde endocannabinoid signaling",148,5.9777,4,0.85479,0.068141,1,1,0.0088927
"Carbohydrate digestion and absorption",47,1.8983,1,0.8568,0.06712,1,1,0
"Rap1 signaling pathway",210,8.4819,6,0.85793,0.066547,1,1,0.0024403
"Valine, leucine and isoleucine degradation",48,1.9387,1,0.86262,0.064181,1,1,0.18406
"Cardiac muscle contraction",86,3.4735,2,0.86815,0.061407,1,1,0
"Phagosome",152,6.1393,4,0.86862,0.061171,1,1,0
"Vibrio cholerae infection",50,2.0195,1,0.87356,0.058708,1,1,0
"Cholesterol metabolism",50,2.0195,1,0.87356,0.058708,1,1,7.0028e-05
"Hippo signaling pathway",154,6.2201,4,0.8751,0.057942,1,1,0.0020384
"Longevity regulating pathway",89,3.5947,2,0.88043,0.055307,1,1,0.01153
"MicroRNAs in cancer",310,12.521,9,0.88611,0.052511,1,1,0
"Th1 and Th2 cell differentiation",92,3.7159,2,0.89164,0.049809,1,1,0.00080483
"Cellular senescence",160,6.4624,4,0.89292,0.049189,1,1,0.0036841
"Human cytomegalovirus infection",225,9.0877,6,0.89776,0.04684,1,1,0.0061715
"JAK-STAT signaling pathway",162,6.5432,4,0.89834,0.046558,1,1,0.054762
"Legionellosis",56,2.2618,1,0.90143,0.045066,1,1,0
"Dilated cardiomyopathy (DCM)",96,3.8774,2,0.90508,0.043311,1,1,0.0083256
"Ras signaling pathway",232,9.3705,6,0.91282,0.039613,1,1,0.00087719
"Hepatocellular carcinoma",168,6.7855,4,0.9132,0.039436,1,1,0.00057946
"Viral carcinogenesis",201,8.1184,5,0.91424,0.03894,1,1,0
"Pathogenic Escherichia coli infection",201,8.1184,5,0.91424,0.03894,1,1,0.00045161
"Epstein-Barr virus infection",201,8.1184,5,0.91424,0.03894,1,1,0.00081539
"Viral myocarditis",60,2.4234,1,0.91652,0.037857,1,1,0.0028409
"Steroid hormone biosynthesis",60,2.4234,1,0.91652,0.037857,1,1,0.004252
"Inflammatory mediator regulation of TRP channels",100,4.039,2,0.91696,0.03765,1,1,0.0019152
"Insulin signaling pathway",137,5.5334,3,0.91982,0.036298,1,1,0
"Alzheimer disease",171,6.9067,4,0.91987,0.036272,1,1,0.00067843
"Measles",138,5.5738,3,0.92215,0.035197,1,1,0.0012768
"Cytosolic DNA-sensing pathway",63,2.5446,1,0.92631,0.033245,1,1,0
"Parathyroid hormone synthesis, secretion and action",106,4.2813,2,0.93219,0.030497,1,1,0.01084
"Th17 cell differentiation",107,4.3217,2,0.93445,0.029443,1,1,0
"Non-small cell lung cancer",66,2.6657,1,0.93495,0.029213,1,1,0.00016234
"Regulation of actin cytoskeleton",213,8.6031,5,0.93651,0.028487,1,1,0.016309
"Insulin resistance",108,4.3621,2,0.93665,0.028424,1,1,0.0001634
"Shigellosis",67,2.7061,1,0.9376,0.027984,1,1,0
"Acute myeloid leukemia",67,2.7061,1,0.9376,0.027984,1,1,0
"Long-term potentiation",67,2.7061,1,0.9376,0.027984,1,1,0.012903
"NOD-like receptor signaling pathway",181,7.3106,4,0.93894,0.027362,1,1,0
"Amphetamine addiction",68,2.7465,1,0.94014,0.026808,1,1,0
"Epithelial cell signaling in Helicobacter pylori infection",70,2.8273,1,0.94492,0.024606,1,1,0
"Kaposi sarcoma-associated herpesvirus infection",186,7.5125,4,0.94684,0.023722,1,1,0.0015759
"Adherens junction",71,2.8677,1,0.94716,0.023576,1,1,0.0203
"Oxytocin signaling pathway",153,6.1797,3,0.95046,0.022064,1,1,0.0014035
"Bacterial invasion of epithelial cells",73,2.9485,1,0.95138,0.021645,1,1,0
"PPAR signaling pathway",76,3.0696,1,0.95709,0.019047,1,1,0
"Chronic myeloid leukemia",76,3.0696,1,0.95709,0.019047,1,1,0.00084175
"Pancreatic cancer",76,3.0696,1,0.95709,0.019047,1,1,0.00093985
"Thermogenesis",231,9.3301,5,0.9603,0.017592,1,1,0.03923
"Complement and coagulation cascades",79,3.1908,1,0.96213,0.016767,1,1,0
"Natural killer cell mediated cytotoxicity",131,5.2911,2,0.97151,0.012553,1,1,0
"FoxO signaling pathway",131,5.2911,2,0.97151,0.012553,1,1,0.001769
"Colorectal cancer",86,3.4735,1,0.97171,0.012463,1,1,0
"Oxidative phosphorylation",133,5.3719,2,0.97346,0.011683,1,1,0
"PD-L1 expression and PD-1 checkpoint pathway in cancer",89,3.5947,1,0.97504,0.010979,1,1,0
"Rheumatoid arthritis",93,3.7563,1,0.97887,0.0092736,1,1,0
"Chemokine signaling pathway",189,7.6337,3,0.98419,0.0069198,1,1,0.020875
"Viral protein interaction with cytokine and cytokine receptor",100,4.039,1,0.98423,0.0069048,1,1,0
"Non-alcoholic fatty liver disease (NAFLD)",149,6.0181,2,0.98503,0.0065515,1,1,0.0072464
"NF-kappa B signaling pathway",102,4.1198,1,0.98549,0.0063474,1,1,0
"Huntington disease",193,7.7953,3,0.98614,0.0060633,1,1,0
"Toll-like receptor signaling pathway",104,4.2006,1,0.98665,0.0058351,1,1,0
"T cell receptor signaling pathway",104,4.2006,1,0.98665,0.0058351,1,1,0
"Wnt signaling pathway",160,6.4624,2,0.98996,0.0043827,1,1,0.0021078
"Human immunodeficiency virus 1 infection",212,8.5627,3,0.99264,0.0032098,1,1,0.00202
"Neurotrophin signaling pathway",119,4.8064,1,0.99287,0.003106,1,1,0.01094
"Tuberculosis",179,7.2298,2,0.99501,0.002171,1,1,0.015848
"Osteoclast differentiation",128,5.1699,1,0.99511,0.0021279,1,1,0
"Alcoholism",184,7.4318,2,0.99586,0.0018017,1,1,0.0012121
"Transcriptional misregulation in cancer",186,7.5125,2,0.99616,0.0016719,1,1,0
"Cell adhesion molecules (CAMs)",147,5.9373,1,0.9978,0.00095728,1,1,0
"mTOR signaling pathway",153,6.1797,1,0.99829,0.00074368,1,1,0
"Hepatitis B",162,6.5432,1,0.99883,0.00050908,1,1,0
"Herpes simplex virus 1 infection",491,19.831,8,0.99946,0.00023663,1,1,0.0016192
"Axon guidance",181,7.3106,1,0.99947,0.00022843,1,1,0
"Olfactory transduction",448,18.095,2,1,4.9908e-08,1,1,0.031008
