"","Total","Expected","Hits","Raw p","-log10(p)","Holm adjust","FDR","Impact"
"Ribosome",153,0.79547,11,2.9924e-10,9.524,9.9049e-08,9.9049e-08,0
"Herpes simplex virus 1 infection",494,2.5684,10,0.00020503,3.6882,0.067661,0.033933,0
"Ubiquitin mediated proteolysis",136,0.70708,4,0.0053969,2.2679,1,0.45382,0
"Shigellosis",69,0.35874,3,0.0054842,2.2609,1,0.45382,0.0023229
"mTOR signaling pathway",157,0.81627,4,0.0088975,2.0507,1,0.58901,0.0097533
"Circadian rhythm",33,0.17157,2,0.012653,1.8978,1,0.69802,0
"Basal transcription factors",45,0.23396,2,0.0228,1.6421,1,0.9771,0
"Pyrimidine metabolism",122,0.6343,3,0.025477,1.5939,1,0.9771,0.07049
"Cell cycle",124,0.6447,3,0.026568,1.5756,1,0.9771,0.009355
"Vibrio cholerae infection",59,0.30675,2,0.037629,1.4245,1,1,0
"beta-Alanine metabolism",63,0.32755,2,0.042391,1.3727,1,1,0
"Salmonella infection",84,0.43673,2,0.070648,1.1509,1,1,0.002551
"Colorectal cancer",87,0.45233,2,0.07508,1.1245,1,1,0
"Pathogenic Escherichia coli infection",204,1.0606,3,0.089628,1.0476,1,1,0.0011613
"Human immunodeficiency virus 1 infection",217,1.1282,3,0.1031,0.98672,1,1,0
"Protein export",23,0.11958,1,0.11309,0.94658,1,1,0
"Mismatch repair",23,0.11958,1,0.11309,0.94658,1,1,0
"Arginine and proline metabolism",128,0.66549,2,0.14294,0.84486,1,1,0.0025788
"Sphingolipid signaling pathway",134,0.69669,2,0.15373,0.81323,1,1,0.0021078
"FoxO signaling pathway",136,0.70708,2,0.15737,0.80308,1,1,0.00062153
"Taurine and hypotaurine metabolism",33,0.17157,1,0.15824,0.80068,1,1,0
"Autophagy - other",35,0.18197,1,0.167,0.77729,1,1,0
"Collecting duct acid secretion",35,0.18197,1,0.167,0.77729,1,1,0
"Thyroid cancer",37,0.19237,1,0.17566,0.75532,1,1,0
"Vascular smooth muscle contraction",148,0.76947,2,0.1795,0.74593,1,1,0.0054326
"Oxidative phosphorylation",149,0.77467,2,0.18137,0.74143,1,1,0
"Phagosome",153,0.79547,2,0.18887,0.72384,1,1,0
"Sulfur metabolism",43,0.22356,1,0.20114,0.69651,1,1,0
"Wnt signaling pathway",161,0.83706,2,0.20399,0.6904,1,1,0
"Aldosterone-regulated sodium reabsorption",45,0.23396,1,0.20945,0.67891,1,1,0.039683
"Cellular senescence",165,0.85786,2,0.2116,0.67448,1,1,0.0020631
"Nucleotide excision repair",47,0.24436,1,0.21768,0.66217,1,1,0
"Pantothenate and CoA biosynthesis",47,0.24436,1,0.21768,0.66217,1,1,0.036585
"Protein processing in endoplasmic reticulum",172,0.89425,2,0.22499,0.64783,1,1,0
"Hedgehog signaling pathway",51,0.26516,1,0.2339,0.63098,1,1,0
"cGMP-PKG signaling pathway",177,0.92025,2,0.2346,0.62967,1,1,0.00090334
"NOD-like receptor signaling pathway",187,0.97224,2,0.25389,0.59535,1,1,0
"Antifolate resistance",59,0.30675,1,0.26534,0.57621,1,1,0
"Endometrial cancer",59,0.30675,1,0.26534,0.57621,1,1,0
"Vitamin digestion and absorption",63,0.32755,1,0.28058,0.55195,1,1,0
"Primary bile acid biosynthesis",64,0.33275,1,0.28434,0.54617,1,1,0
"Basal cell carcinoma",64,0.33275,1,0.28434,0.54617,1,1,0
"Non-small cell lung cancer",72,0.37434,1,0.31374,0.50343,1,1,0
"Sphingolipid metabolism",72,0.37434,1,0.31374,0.50343,1,1,0.0011703
"p53 signaling pathway",72,0.37434,1,0.31374,0.50343,1,1,0.0016317
"Regulation of actin cytoskeleton",218,1.1334,2,0.31376,0.5034,1,1,0.040552
"Melanoma",73,0.37954,1,0.31733,0.49849,1,1,0
"Bacterial invasion of epithelial cells",73,0.37954,1,0.31733,0.49849,1,1,0.0071982
"Platinum drug resistance",76,0.39514,1,0.32799,0.48414,1,1,0
"Epithelial cell signaling in Helicobacter pylori infection",77,0.40033,1,0.33151,0.4795,1,1,0
"Chronic myeloid leukemia",77,0.40033,1,0.33151,0.4795,1,1,0
"Pancreatic cancer",78,0.40553,1,0.33501,0.47494,1,1,0
"RNA degradation",79,0.41073,1,0.33849,0.47045,1,1,0
"Glioma",79,0.41073,1,0.33849,0.47045,1,1,0
"PPAR signaling pathway",81,0.42113,1,0.3454,0.46168,1,1,0
"Renin secretion",86,0.44713,1,0.36236,0.44086,1,1,0
"Cardiac muscle contraction",90,0.46792,1,0.37562,0.42525,1,1,0
"Synaptic vesicle cycle",90,0.46792,1,0.37562,0.42525,1,1,0
"Endocytosis",255,1.3258,2,0.38386,0.41582,1,1,0
"Glutathione metabolism",94,0.48872,1,0.38861,0.41049,1,1,0
"Small cell lung cancer",95,0.49392,1,0.39181,0.40692,1,1,0
"Rheumatoid arthritis",96,0.49912,1,0.395,0.4034,1,1,0
"Insulin secretion",98,0.50952,1,0.40133,0.3965,1,1,0
"Fc gamma R-mediated phagocytosis",101,0.52511,1,0.4107,0.38647,1,1,0
"Circadian entrainment",106,0.55111,1,0.426,0.37059,1,1,0
"Salivary secretion",107,0.55631,1,0.42901,0.36753,1,1,0
"Leukocyte transendothelial migration",116,0.6031,1,0.45544,0.34157,1,1,0.0043956
"Pancreatic secretion",117,0.6083,1,0.4583,0.33885,1,1,0
"Yersinia infection",125,0.64989,1,0.48065,0.31817,1,1,0
"Oocyte meiosis",132,0.68629,1,0.49947,0.30149,1,1,0
"Spliceosome",135,0.70189,1,0.50733,0.29471,1,1,0
"Arachidonic acid metabolism",138,0.71748,1,0.51507,0.28814,1,1,0
"Platelet activation",138,0.71748,1,0.51507,0.28814,1,1,0.0018712
"Apoptosis",140,0.72788,1,0.52016,0.28386,1,1,0
"Autophagy - animal",143,0.74348,1,0.5277,0.27762,1,1,0.036543
"Glycerophospholipid metabolism",149,0.77467,1,0.54243,0.26566,1,1,0.01637
"Breast cancer",150,0.77987,1,0.54484,0.26373,1,1,0
"Non-alcoholic fatty liver disease (NAFLD)",151,0.78507,1,0.54724,0.26183,1,1,0
"Gastric cancer",153,0.79547,1,0.55199,0.25807,1,1,0
"Hippo signaling pathway",154,0.80067,1,0.55436,0.25621,1,1,0
"Parkinson disease",157,0.81627,1,0.56137,0.25075,1,1,0
"Hepatitis C",157,0.81627,1,0.56137,0.25075,1,1,0
"Pathways in cancer",562,2.9219,3,0.56502,0.24794,1,1,0
"Oxytocin signaling pathway",165,0.85786,1,0.57953,0.23692,1,1,0.0010526
"Tight junction",170,0.88386,1,0.59051,0.22877,1,1,0.0011609
"Necroptosis",172,0.89425,1,0.59482,0.22561,1,1,0
"Influenza A",173,0.89945,1,0.59696,0.22405,1,1,0
"Alzheimer disease",178,0.92545,1,0.60749,0.21646,1,1,0
"Hepatocellular carcinoma",182,0.94625,1,0.61572,0.21062,1,1,0
"Axon guidance",182,0.94625,1,0.61572,0.21062,1,1,0.00018139
"ABC transporters",183,0.95145,1,0.61775,0.20919,1,1,0
"Transcriptional misregulation in cancer",186,0.96704,1,0.62378,0.20497,1,1,0
"Chemokine signaling pathway",194,1.0086,1,0.6394,0.19423,1,1,0
"Huntington disease",196,1.019,1,0.64321,0.19165,1,1,0
"Viral carcinogenesis",201,1.045,1,0.65255,0.18539,1,1,0
"Focal adhesion",201,1.045,1,0.65255,0.18539,1,1,0.014543
"Epstein-Barr virus infection",204,1.0606,1,0.65803,0.18175,1,1,0
"Proteoglycans in cancer",211,1.097,1,0.67051,0.17359,1,1,0.00065327
"Human cytomegalovirus infection",231,1.201,1,0.70375,0.15258,1,1,0.00011086
"cAMP signaling pathway",241,1.253,1,0.71911,0.14321,1,1,0.0055548
"Bile secretion",246,1.279,1,0.72649,0.13877,1,1,0
"Thermogenesis",254,1.3206,1,0.73791,0.132,1,1,0
"MAPK signaling pathway",300,1.5597,1,0.79502,0.099622,1,1,0
"Human papillomavirus infection",333,1.7313,1,0.82827,0.081831,1,1,0
"PI3K-Akt signaling pathway",358,1.8613,1,0.84986,0.07065,1,1,0
"Neuroactive ligand-receptor interaction",392,2.0381,1,0.87501,0.057987,1,1,0
