"","Total","Expected","Hits","Raw p","-log10(p)","Holm adjust","FDR","Impact"
"Alanine, aspartate and glutamate metabolism",28,2.1677,7,0.0042042,2.3763,0.35315,0.3343,0.4928
"Aminoacyl-tRNA biosynthesis",48,3.7161,9,0.0093528,2.0291,0.77628,0.3343,0
"Pantothenate and CoA biosynthesis",19,1.471,5,0.012314,1.9096,1,0.3343,0.04286
"Valine, leucine and isoleucine biosynthesis",8,0.61935,3,0.019001,1.7212,1,0.3343,0
"Butanoate metabolism",15,1.1613,4,0.023878,1.622,1,0.3343,0.0635
"Nicotinate and nicotinamide metabolism",15,1.1613,4,0.023878,1.622,1,0.3343,0.19079
"Galactose metabolism",27,2.0903,5,0.051987,1.2841,1,0.62385,0.08787
"Glutathione metabolism",28,2.1677,5,0.059508,1.2254,1,0.62484,0.40858
"beta-Alanine metabolism",21,1.6258,4,0.073121,1.136,1,0.68246,0.45522
"Arginine biosynthesis",14,1.0839,3,0.087879,1.0561,1,0.73818,0
"Glycine, serine and threonine metabolism",33,2.5548,5,0.10584,0.97536,1,0.80821,0.32031
"Glycerolipid metabolism",16,1.2387,3,0.12093,0.91745,1,0.84653,0.37383
"Glycerophospholipid metabolism",36,2.7871,5,0.14018,0.85332,1,0.89335,0.14672
"Neomycin, kanamycin and gentamicin biosynthesis",2,0.15484,1,0.14889,0.82713,1,0.89335,0
"Caffeine metabolism",10,0.77419,2,0.17803,0.7495,1,0.99699,0.30769
"Propanoate metabolism",23,1.7806,3,0.26101,0.58335,1,1,0
"Phenylalanine, tyrosine and tryptophan biosynthesis",4,0.30968,1,0.27577,0.55945,1,1,0.5
"Riboflavin metabolism",4,0.30968,1,0.27577,0.55945,1,1,0.5
"Biosynthesis of unsaturated fatty acids",36,2.7871,4,0.30232,0.51954,1,1,0
"Amino sugar and nucleotide sugar metabolism",37,2.8645,4,0.32046,0.49422,1,1,0
"Synthesis and degradation of ketone bodies",5,0.3871,1,0.33199,0.47888,1,1,0
"Linoleic acid metabolism",5,0.3871,1,0.33199,0.47888,1,1,1
"Histidine metabolism",16,1.2387,2,0.35499,0.44979,1,1,0.22131
"Pyrimidine metabolism",39,3.0194,4,0.35698,0.44736,1,1,0.16977
"D-Glutamine and D-glutamate metabolism",6,0.46452,1,0.38387,0.41582,1,1,0
"Glyoxylate and dicarboxylate metabolism",32,2.4774,3,0.45643,0.34062,1,1,0.18519
"Citrate cycle (TCA cycle)",20,1.5484,2,0.46655,0.3311,1,1,0.1049
"Ascorbate and aldarate metabolism",8,0.61935,1,0.47595,0.32244,1,1,0
"Sulfur metabolism",8,0.61935,1,0.47595,0.32244,1,1,0.31915
"Taurine and hypotaurine metabolism",8,0.61935,1,0.47595,0.32244,1,1,0.42857
"Cysteine and methionine metabolism",33,2.5548,3,0.47719,0.32131,1,1,0.10446
"Pyruvate metabolism",22,1.7032,2,0.518,0.28567,1,1,0.29082
"Phenylalanine metabolism",10,0.77419,1,0.55436,0.25621,1,1,0.35714
"Lysine degradation",25,1.9355,2,0.58882,0.23002,1,1,0
"Valine, leucine and isoleucine degradation",40,3.0968,3,0.61074,0.21414,1,1,0.01084
"Tryptophan metabolism",41,3.1742,3,0.62789,0.20212,1,1,0.23924
"Primary bile acid biosynthesis",46,3.5613,3,0.7058,0.15132,1,1,0.02321
"Fatty acid biosynthesis",47,3.6387,3,0.71981,0.14278,1,1,0.01473
"Pentose and glucuronate interconversions",18,1.3935,1,0.76748,0.11493,1,1,0.17188
"Starch and sucrose metabolism",18,1.3935,1,0.76748,0.11493,1,1,0.4207
"Fructose and mannose metabolism",20,1.5484,1,0.80249,0.095558,1,1,0
"Selenocompound metabolism",20,1.5484,1,0.80249,0.095558,1,1,0.06818
"Arginine and proline metabolism",38,2.9419,2,0.80763,0.092788,1,1,0.02385
"Fatty acid degradation",39,3.0194,2,0.81923,0.086596,1,1,0
"Pentose phosphate pathway",22,1.7032,1,0.83227,0.079736,1,1,0
"Glycolysis / Gluconeogenesis",26,2.0129,1,0.87911,0.055956,1,1,0.10044
"Purine metabolism",65,5.0323,3,0.89301,0.049143,1,1,0.04535
"Phosphatidylinositol signaling system",28,2.1677,1,0.89741,0.047011,1,1,0.03736
"Steroid hormone biosynthesis",85,6.5806,4,0.90913,0.041376,1,1,0.2126
"Porphyrin and chlorophyll metabolism",30,2.3226,1,0.91295,0.039553,1,1,0
"Inositol phosphate metabolism",30,2.3226,1,0.91295,0.039553,1,1,0.12939
"Arachidonic acid metabolism",36,2.7871,1,0.9469,0.023696,1,1,0.3135
"Fatty acid elongation",39,3.0194,1,0.95856,0.018382,1,1,0
"Tyrosine metabolism",42,3.2516,1,0.96767,0.014271,1,1,0
