"","Total","Expected","Hits","Raw p","-log10(p)","Holm adjust","FDR","Impact"
"Aminoacyl-tRNA biosynthesis",48,0.96,6,0.00026255,3.5808,0.022054,0.022054,0
"Valine, leucine and isoleucine biosynthesis",8,0.16,2,0.01006,1.9974,0.83498,0.42252,0
"Glycine, serine and threonine metabolism",33,0.66,3,0.026344,1.5793,1,0.66549,0.14327
"Glycerophospholipid metabolism",36,0.72,3,0.033111,1.48,1,0.66549,0.11182
"Neomycin, kanamycin and gentamicin biosynthesis",2,0.04,1,0.039613,1.4022,1,0.66549,0
"Fatty acid biosynthesis",47,0.94,3,0.064882,1.1879,1,0.89785,0.01473
"Phenylalanine, tyrosine and tryptophan biosynthesis",4,0.08,1,0.077705,1.1096,1,0.89785,0.5
"Lysine degradation",25,0.5,2,0.087353,1.0587,1,0.89785,0.14085
"Linoleic acid metabolism",5,0.1,1,0.096198,1.0168,1,0.89785,0
"Biosynthesis of unsaturated fatty acids",36,0.72,2,0.1605,0.79452,1,1,0
"Fatty acid degradation",39,0.78,2,0.18209,0.73971,1,1,0
"Biotin metabolism",10,0.2,1,0.18341,0.73657,1,1,0
"Phenylalanine metabolism",10,0.2,1,0.18341,0.73657,1,1,0.35714
"Tryptophan metabolism",41,0.82,2,0.19673,0.70613,1,1,0.14305
"alpha-Linolenic acid metabolism",13,0.26,1,0.23177,0.63494,1,1,0
"Nicotinate and nicotinamide metabolism",15,0.3,1,0.26246,0.58094,1,1,0.13816
"Histidine metabolism",16,0.32,1,0.27735,0.55697,1,1,0.22131
"Starch and sucrose metabolism",18,0.36,1,0.30627,0.51389,1,1,0.4207
"Citrate cycle (TCA cycle)",20,0.4,1,0.33407,0.47616,1,1,0.04498
"beta-Alanine metabolism",21,0.42,1,0.34757,0.45896,1,1,0
"Sphingolipid metabolism",21,0.42,1,0.34757,0.45896,1,1,0.02434
"Purine metabolism",65,1.3,2,0.37638,0.42438,1,1,0.01651
"Galactose metabolism",27,0.54,1,0.42314,0.37352,1,1,0.03499
"Porphyrin and chlorophyll metabolism",30,0.6,1,0.45767,0.33945,1,1,0.05288
"Glyoxylate and dicarboxylate metabolism",32,0.64,1,0.47957,0.31914,1,1,0
"Arachidonic acid metabolism",36,0.72,1,0.52084,0.28329,1,1,0
"Fatty acid elongation",39,0.78,1,0.54969,0.25988,1,1,0
"Valine, leucine and isoleucine degradation",40,0.8,1,0.55893,0.25264,1,1,0
