"","Total","Expected","Hits","Raw p","-log10(p)","Holm adjust","FDR","Impact"
"Cysteine and methionine metabolism",33,1.1071,7,6.9286e-05,4.1594,0.0058201,0.0030046,0.22222
"Taurine and hypotaurine metabolism",8,0.26839,4,7.1538e-05,4.1455,0.0059376,0.0030046,0.71428
"Aminoacyl-tRNA biosynthesis",48,1.6103,7,0.00080914,3.092,0.06635,0.022656,0.16667
"Pantothenate and CoA biosynthesis",19,0.63742,4,0.003008,2.5217,0.24365,0.063168,0.02143
"Alanine, aspartate and glutamate metabolism",28,0.93935,4,0.012704,1.896,1,0.21343,0.3101
"Glycine, serine and threonine metabolism",33,1.1071,4,0.022436,1.649,1,0.31411,0.26257
"Tryptophan metabolism",41,1.3755,4,0.045606,1.341,1,0.51645,0.26412
"Tyrosine metabolism",42,1.409,4,0.049186,1.3082,1,0.51645,0.35816
"Arginine biosynthesis",14,0.46968,2,0.07767,1.1097,1,0.72492,0.22843
"Nicotinate and nicotinamide metabolism",15,0.50323,2,0.087745,1.0568,1,0.73705,0
"Phenylalanine, tyrosine and tryptophan biosynthesis",4,0.13419,1,0.12771,0.89378,1,0.97522,0.5
"beta-Alanine metabolism",21,0.70452,2,0.15476,0.81034,1,1,0.05597
"Purine metabolism",65,2.1806,4,0.17043,0.76846,1,1,0.03396
"Lysine degradation",25,0.83871,2,0.20354,0.69134,1,1,0
"Thiamine metabolism",7,0.23484,1,0.21285,0.67192,1,1,0
"Valine, leucine and isoleucine biosynthesis",8,0.26839,1,0.23938,0.62091,1,1,0
"Ubiquinone and other terpenoid-quinone biosynthesis",9,0.30194,1,0.26503,0.5767,1,1,0
"Vitamin B6 metabolism",9,0.30194,1,0.26503,0.5767,1,1,0.4902
"Phenylalanine metabolism",10,0.33548,1,0.28983,0.53786,1,1,0
"Glyoxylate and dicarboxylate metabolism",32,1.0735,2,0.29185,0.53484,1,1,0.04233
"Amino sugar and nucleotide sugar metabolism",37,1.2413,2,0.35461,0.45025,1,1,0.05035
"Arginine and proline metabolism",38,1.2748,2,0.36697,0.43537,1,1,0.01407
"Pyrimidine metabolism",39,1.3084,2,0.37925,0.42108,1,1,0.03065
"Valine, leucine and isoleucine degradation",40,1.3419,2,0.39143,0.40734,1,1,0.02264
"Histidine metabolism",16,0.53677,1,0.42229,0.37438,1,1,0
"Primary bile acid biosynthesis",46,1.5432,2,0.46217,0.3352,1,1,0.01563
"Fructose and mannose metabolism",20,0.67097,1,0.4968,0.30382,1,1,0.03313
"Citrate cycle (TCA cycle)",20,0.67097,1,0.4968,0.30382,1,1,0.04634
"Sphingolipid metabolism",21,0.70452,1,0.5139,0.28912,1,1,0
"Pentose phosphate pathway",22,0.73806,1,0.53044,0.27537,1,1,0.04712
"Pyruvate metabolism",22,0.73806,1,0.53044,0.27537,1,1,0.20684
"Glycolysis / Gluconeogenesis",26,0.87226,1,0.59122,0.22825,1,1,0.10044
"Galactose metabolism",27,0.90581,1,0.60517,0.21812,1,1,0
"Glutathione metabolism",28,0.93935,1,0.61865,0.20855,1,1,0.00343
"Steroid hormone biosynthesis",85,2.8516,2,0.79118,0.10172,1,1,0.0159
