"","Total","Expected","Hits","Raw p","-log10(p)","Holm adjust","FDR","Impact"
"Caffeine metabolism",10,0.39355,4,0.00038236,3.4175,0.032118,0.032118,1
"Alanine, aspartate and glutamate metabolism",28,1.1019,5,0.0039105,2.4078,0.32457,0.14903,0.20032
"Citrate cycle (TCA cycle)",20,0.7871,4,0.0065556,2.1834,0.53756,0.14903,0.21948
"Glyoxylate and dicarboxylate metabolism",32,1.2594,5,0.0070969,2.1489,0.57485,0.14903,0.16138
"Butanoate metabolism",15,0.59032,3,0.018826,1.7252,1,0.31628,0
"Pentose and glucuronate interconversions",18,0.70839,3,0.031048,1.508,1,0.39109,0.20312
"Pantothenate and CoA biosynthesis",19,0.74774,3,0.035856,1.4454,1,0.39109,0.03571
"Aminoacyl-tRNA biosynthesis",48,1.889,5,0.037247,1.4289,1,0.39109,0
"beta-Alanine metabolism",21,0.82645,3,0.046555,1.332,1,0.43451,0.10448
"Arginine and proline metabolism",38,1.4955,4,0.058954,1.2295,1,0.48732,0.08992
"Pyrimidine metabolism",39,1.5348,4,0.063815,1.1951,1,0.48732,0.13567
"Arginine biosynthesis",14,0.55097,2,0.10236,0.98986,1,0.71654,0
"Glycine, serine and threonine metabolism",33,1.2987,3,0.13742,0.86195,1,0.88795,0.24577
"Phenylalanine, tyrosine and tryptophan biosynthesis",4,0.15742,1,0.1485,0.82826,1,0.89102,0.5
"Synthesis and degradation of ketone bodies",5,0.19677,1,0.1821,0.73969,1,1,0
"Pyruvate metabolism",22,0.86581,2,0.21352,0.67057,1,1,0.20684
"D-Glutamine and D-glutamate metabolism",6,0.23613,1,0.21439,0.66879,1,1,0
"Nitrogen metabolism",6,0.23613,1,0.21439,0.66879,1,1,0
"Tyrosine metabolism",42,1.6529,3,0.22708,0.64382,1,1,0.13972
"Valine, leucine and isoleucine biosynthesis",8,0.31484,1,0.27526,0.56026,1,1,0
"Ascorbate and aldarate metabolism",8,0.31484,1,0.27526,0.56026,1,1,0.5
"Glutathione metabolism",28,1.1019,2,0.3026,0.51914,1,1,0.09582
"Ubiquinone and other terpenoid-quinone biosynthesis",9,0.35419,1,0.30393,0.51722,1,1,0
"Vitamin B6 metabolism",9,0.35419,1,0.30393,0.51722,1,1,0
"Phenylalanine metabolism",10,0.39355,1,0.33148,0.47954,1,1,0
"Glycerophospholipid metabolism",36,1.4168,2,0.41837,0.37844,1,1,0.09417
"Nicotinate and nicotinamide metabolism",15,0.59032,1,0.45395,0.34299,1,1,0.13816
"Glycerolipid metabolism",16,0.62968,1,0.47565,0.32271,1,1,0.04361
"Histidine metabolism",16,0.62968,1,0.47565,0.32271,1,1,0.04918
"Tryptophan metabolism",41,1.6135,2,0.48592,0.31343,1,1,0.10807
"Fructose and mannose metabolism",20,0.7871,1,0.55428,0.25627,1,1,0.03313
"Propanoate metabolism",23,0.90516,1,0.60553,0.21787,1,1,0
"Lysine degradation",25,0.98387,1,0.63643,0.19625,1,1,0.14085
"Glycolysis / Gluconeogenesis",26,1.0232,1,0.65097,0.18644,1,1,0.10044
"Galactose metabolism",27,1.0626,1,0.66494,0.17722,1,1,0
"Folate biosynthesis",27,1.0626,1,0.66494,0.17722,1,1,0.02061
"Inositol phosphate metabolism",30,1.1806,1,0.70363,0.15265,1,1,0
"Porphyrin and chlorophyll metabolism",30,1.1806,1,0.70363,0.15265,1,1,0
"Purine metabolism",65,2.5581,2,0.7371,0.13248,1,1,0
"Cysteine and methionine metabolism",33,1.2987,1,0.73792,0.13199,1,1,0
"Amino sugar and nucleotide sugar metabolism",37,1.4561,1,0.77764,0.10922,1,1,0.02186
"Fatty acid degradation",39,1.5348,1,0.79521,0.099517,1,1,0
"Valine, leucine and isoleucine degradation",40,1.5742,1,0.80348,0.095025,1,1,0
"Primary bile acid biosynthesis",46,1.8103,1,0.84662,0.072313,1,1,0.00758
