"","Total","Expected","Hits","Raw p","-log10(p)","Holm adjust","FDR","Impact"
"Aminoacyl-tRNA biosynthesis",48,2.5394,17,4.3332e-11,10.363,3.6399e-09,3.6399e-09,0.16667
"Arginine biosynthesis",14,0.74065,8,1.0154e-07,6.9934,8.4278e-06,4.2647e-06,0.48223
"Glycine, serine and threonine metabolism",33,1.7458,11,3.4823e-07,6.4581,2.8555e-05,9.7504e-06,0.63612
"Alanine, aspartate and glutamate metabolism",28,1.4813,10,5.9875e-07,6.2228,4.8499e-05,1.2574e-05,0.76283
"Arginine and proline metabolism",38,2.0103,9,9.6941e-05,4.0135,0.0077553,0.0016286,0.45271
"Glyoxylate and dicarboxylate metabolism",32,1.6929,8,0.0001623,3.7897,0.012822,0.0022722,0.25133
"Citrate cycle (TCA cycle)",20,1.0581,6,0.00038976,3.4092,0.030401,0.0046771,0.29665
"Pyruvate metabolism",22,1.1639,6,0.00068868,3.162,0.053028,0.0072311,0.32348
"D-Glutamine and D-glutamate metabolism",6,0.31742,3,0.0025439,2.5945,0.19333,0.023743,0.5
"Butanoate metabolism",15,0.79355,4,0.0063529,2.197,0.47647,0.050337,0.14286
"Valine, leucine and isoleucine biosynthesis",8,0.42323,3,0.0065917,2.181,0.48779,0.050337,0
"Phenylalanine metabolism",10,0.52903,3,0.013076,1.8835,0.95458,0.091535,0.35714
"Phenylalanine, tyrosine and tryptophan biosynthesis",4,0.21161,2,0.015477,1.8103,1,0.1,1
"Cysteine and methionine metabolism",33,1.7458,5,0.027014,1.5684,1,0.16208,0.30484
"Nitrogen metabolism",6,0.31742,2,0.036097,1.4425,1,0.20214,0
"Histidine metabolism",16,0.84645,3,0.048526,1.314,1,0.25476,0.22131
"Purine metabolism",65,3.4387,7,0.05164,1.287,1,0.25516,0.22686
"Tyrosine metabolism",42,2.2219,5,0.066862,1.1748,1,0.31202,0.16512
"Pantothenate and CoA biosynthesis",19,1.0052,3,0.074977,1.1251,1,0.32825,0.00714
"Vitamin B6 metabolism",9,0.47613,2,0.078154,1.1071,1,0.32825,0.2549
"Biotin metabolism",10,0.52903,2,0.094423,1.0249,1,0.37769,0.2
"Neomycin, kanamycin and gentamicin biosynthesis",2,0.10581,1,0.10304,0.98699,1,0.39343,0
"Glycolysis / Gluconeogenesis",26,1.3755,3,0.15503,0.80959,1,0.56619,0.20594
"Glutathione metabolism",28,1.4813,3,0.1815,0.74113,1,0.63524,0.10839
"Synthesis and degradation of ketone bodies",5,0.26452,1,0.23825,0.62298,1,0.76972,0.6
"Linoleic acid metabolism",5,0.26452,1,0.23825,0.62298,1,0.76972,1
"beta-Alanine metabolism",21,1.111,2,0.30617,0.51404,1,0.95252,0
"Pyrimidine metabolism",39,2.0632,3,0.34086,0.46742,1,0.9868,0.06403
"Ascorbate and aldarate metabolism",8,0.42323,1,0.35328,0.45188,1,0.9868,0.5
"Valine, leucine and isoleucine degradation",40,2.1161,3,0.35574,0.44887,1,0.9868,0
"Tryptophan metabolism",41,2.169,3,0.37058,0.43112,1,0.9868,0.22713
"Lysine degradation",25,1.3226,2,0.38501,0.41453,1,0.9868,0.14085
"Ubiquinone and other terpenoid-quinone biosynthesis",9,0.47613,1,0.38767,0.41153,1,0.9868,0
"Galactose metabolism",27,1.4284,2,0.42306,0.3736,1,1,0.03499
"Primary bile acid biosynthesis",46,2.4335,3,0.44361,0.353,1,1,0.0254
"Porphyrin and chlorophyll metabolism",30,1.5871,2,0.47781,0.32074,1,1,0
"alpha-Linolenic acid metabolism",13,0.68774,1,0.50807,0.29407,1,1,0.33333
"Nicotinate and nicotinamide metabolism",15,0.79355,1,0.55918,0.25245,1,1,0
"Biosynthesis of unsaturated fatty acids",36,1.9045,2,0.57743,0.2385,1,1,0
"Glycerophospholipid metabolism",36,1.9045,2,0.57743,0.2385,1,1,0.02582
"Glycerolipid metabolism",16,0.84645,1,0.58273,0.23453,1,1,0.09346
"Pentose and glucuronate interconversions",18,0.95226,1,0.62616,0.20331,1,1,0.125
"Starch and sucrose metabolism",18,0.95226,1,0.62616,0.20331,1,1,0.4207
"Selenocompound metabolism",20,1.0581,1,0.66512,0.1771,1,1,0
"Fructose and mannose metabolism",20,1.0581,1,0.66512,0.1771,1,1,0.03313
"Sphingolipid metabolism",21,1.111,1,0.68307,0.16554,1,1,0
"Pentose phosphate pathway",22,1.1639,1,0.70007,0.15486,1,1,0
"Propanoate metabolism",23,1.2168,1,0.71616,0.14499,1,1,0
"Inositol phosphate metabolism",30,1.5871,1,0.80728,0.092977,1,1,0
"Amino sugar and nucleotide sugar metabolism",37,1.9574,1,0.86938,0.060788,1,1,0
