"","Total","Expected","Hits","Raw p","-log10(p)","Holm adjust","FDR","Impact"
"Arginine biosynthesis",14,1.1471,8,3.2396e-06,5.4895,0.00027213,0.00018514,0.48223
"Glycine, serine and threonine metabolism",33,2.7039,12,4.4082e-06,5.3557,0.00036588,0.00018514,0.4084
"Aminoacyl-tRNA biosynthesis",48,3.9329,14,1.3182e-05,4.88,0.0010809,0.00036909,0
"Alanine, aspartate and glutamate metabolism",28,2.2942,10,3.5351e-05,4.4516,0.0028634,0.00074237,0.62821
"Glyoxylate and dicarboxylate metabolism",32,2.6219,10,0.0001306,3.8841,0.010448,0.0021941,0.59525
"Valine, leucine and isoleucine biosynthesis",8,0.65548,5,0.00015675,3.8048,0.012383,0.0021944,0
"Arginine and proline metabolism",38,3.1135,9,0.0026407,2.5783,0.20597,0.031688,0.40579
"Citrate cycle (TCA cycle)",20,1.6387,6,0.0039953,2.3985,0.30764,0.04195,0.3612
"Neomycin, kanamycin and gentamicin biosynthesis",2,0.16387,2,0.0066649,2.1762,0.50653,0.062205,0
"Cysteine and methionine metabolism",33,2.7039,7,0.014778,1.8304,1,0.11873,0.42071
"Pantothenate and CoA biosynthesis",19,1.5568,5,0.015547,1.8083,1,0.11873,0
"Glutathione metabolism",28,2.2942,6,0.022526,1.6473,1,0.15768,0.11891
"Pentose and glucuronate interconversions",18,1.4748,4,0.053387,1.2726,1,0.34496,0.51562
"Galactose metabolism",27,2.2123,5,0.063715,1.1958,1,0.38229,0.08787
"Nitrogen metabolism",6,0.49161,2,0.080306,1.0953,1,0.42161,0
"D-Glutamine and D-glutamate metabolism",6,0.49161,2,0.080306,1.0953,1,0.42161,0.5
"Pyruvate metabolism",22,1.8026,4,0.09921,1.0034,1,0.49022,0.2395
"Thiamine metabolism",7,0.57355,2,0.10654,0.97249,1,0.49719,0
"Butanoate metabolism",15,1.229,3,0.11834,0.92686,1,0.50155,0
"Taurine and hypotaurine metabolism",8,0.65548,2,0.13467,0.87074,1,0.50155,0.28571
"Ascorbate and aldarate metabolism",8,0.65548,2,0.13467,0.87074,1,0.50155,0.5
"Histidine metabolism",16,1.311,3,0.13733,0.86223,1,0.50155,0.09016
"Glycerolipid metabolism",16,1.311,3,0.13733,0.86223,1,0.50155,0.33022
"Inositol phosphate metabolism",30,2.4581,4,0.22699,0.64399,1,0.78874,0.12939
"Tryptophan metabolism",41,3.3594,5,0.24115,0.61772,1,0.78874,0.28991
"beta-Alanine metabolism",21,1.7206,3,0.24413,0.61237,1,0.78874,0.05597
"Glycerophospholipid metabolism",36,2.9497,4,0.34049,0.4679,1,1,0.13581
"Synthesis and degradation of ketone bodies",5,0.40968,1,0.3482,0.45817,1,1,0
"Nicotinate and nicotinamide metabolism",15,1.229,2,0.35152,0.45405,1,1,0
"Glycolysis / Gluconeogenesis",26,2.1303,3,0.36004,0.44365,1,1,0.10044
"Valine, leucine and isoleucine degradation",40,3.2774,4,0.41781,0.37902,1,1,0.02168
"Starch and sucrose metabolism",18,1.4748,2,0.44135,0.35521,1,1,0.55921
"Purine metabolism",65,5.3258,6,0.44432,0.35231,1,1,0.06368
"Porphyrin and chlorophyll metabolism",30,2.4581,3,0.45141,0.34543,1,1,0.05288
"Ether lipid metabolism",20,1.6387,2,0.49738,0.30331,1,1,0
"Fructose and mannose metabolism",20,1.6387,2,0.49738,0.30331,1,1,0.03624
"Sphingolipid metabolism",21,1.7206,2,0.52404,0.28064,1,1,0.06896
"Pentose phosphate pathway",22,1.8026,2,0.54974,0.25984,1,1,0.11955
"Biotin metabolism",10,0.81935,1,0.57577,0.23975,1,1,0
"Lysine degradation",25,2.0484,2,0.62093,0.20696,1,1,0
"Tyrosine metabolism",42,3.4413,3,0.6835,0.16526,1,1,0.03637
"Fatty acid biosynthesis",47,3.851,3,0.75603,0.12146,1,1,0
"Terpenoid backbone biosynthesis",18,1.4748,1,0.78725,0.10389,1,1,0.18571
"Biosynthesis of unsaturated fatty acids",36,2.9497,2,0.80933,0.091874,1,1,0
"Selenocompound metabolism",20,1.6387,1,0.82108,0.085617,1,1,0
"Amino sugar and nucleotide sugar metabolism",37,3.0316,2,0.8215,0.085391,1,1,0
"Fatty acid degradation",39,3.1955,2,0.84379,0.073764,1,1,0
"Pyrimidine metabolism",39,3.1955,2,0.84379,0.073764,1,1,0.0743
"Propanoate metabolism",23,1.8845,1,0.86206,0.064463,1,1,0
"Primary bile acid biosynthesis",46,3.769,2,0.90339,0.044126,1,1,0.05823
"Phosphatidylinositol signaling system",28,2.2942,1,0.91069,0.040627,1,1,0.03736
"Arachidonic acid metabolism",36,2.9497,1,0.9556,0.019726,1,1,0.3135
"Steroid biosynthesis",42,3.4413,1,0.97377,0.011542,1,1,0.0282
"Steroid hormone biosynthesis",85,6.9645,2,0.99489,0.002226,1,1,0.02056
