"","Total","Expected","Hits","Raw p","-log10(p)","Holm adjust","FDR","Impact"
"Aminoacyl-tRNA biosynthesis",48,1.5484,10,1.2565e-06,5.9008,0.00010555,0.00010555,0
"Phenylalanine, tyrosine and tryptophan biosynthesis",4,0.12903,3,0.00012368,3.9077,0.010266,0.0051946,1
"Arginine biosynthesis",14,0.45161,4,0.00075667,3.1211,0.062047,0.021187,0.2538
"Primary bile acid biosynthesis",46,1.4839,6,0.0029021,2.5373,0.23507,0.060944,0.03345
"Biosynthesis of unsaturated fatty acids",36,1.1613,5,0.0050465,2.297,0.40372,0.08478,0
"Tyrosine metabolism",42,1.3548,5,0.0098383,2.0071,0.77723,0.13144,0.35335
"Alanine, aspartate and glutamate metabolism",28,0.90323,4,0.01108,1.9555,0.86426,0.13144,0.39744
"Nitrogen metabolism",6,0.19355,2,0.014083,1.8513,1,0.13144,0
"D-Glutamine and D-glutamate metabolism",6,0.19355,2,0.014083,1.8513,1,0.13144,0.5
"Valine, leucine and isoleucine biosynthesis",8,0.25806,2,0.025224,1.5982,1,0.19262,0
"Taurine and hypotaurine metabolism",8,0.25806,2,0.025224,1.5982,1,0.19262,0.42857
"Arginine and proline metabolism",38,1.2258,4,0.031523,1.5014,1,0.20528,0.25449
"Ubiquinone and other terpenoid-quinone biosynthesis",9,0.29032,2,0.031769,1.498,1,0.20528,1
"Phenylalanine metabolism",10,0.32258,2,0.038903,1.41,1,0.23342,0.35714
"Glutathione metabolism",28,0.90323,3,0.058718,1.2312,1,0.32882,0.02675
"Glyoxylate and dicarboxylate metabolism",32,1.0323,3,0.081311,1.0899,1,0.42688,0
"Histidine metabolism",16,0.51613,2,0.091794,1.0372,1,0.45357,0.22131
"Pantothenate and CoA biosynthesis",19,0.6129,2,0.12313,0.90965,1,0.57459,0.02143
"Tryptophan metabolism",41,1.3226,3,0.14323,0.84397,1,0.61012,0.34215
"beta-Alanine metabolism",21,0.67742,2,0.14527,0.83783,1,0.61012,0.05597
"Pyruvate metabolism",22,0.70968,2,0.15664,0.80511,1,0.62654,0.29082
"Ascorbate and aldarate metabolism",8,0.25806,1,0.2312,0.63601,1,0.88276,0.5
"Vitamin B6 metabolism",9,0.29032,1,0.25613,0.59154,1,0.93542,0.4902
"Cysteine and methionine metabolism",33,1.0645,2,0.28844,0.53995,1,1,0.10446
"Purine metabolism",65,2.0968,3,0.35025,0.45562,1,1,0.01885
"Pyrimidine metabolism",39,1.2581,2,0.36079,0.44275,1,1,0.0256
"Valine, leucine and isoleucine degradation",40,1.2903,2,0.37263,0.42872,1,1,0
"Butanoate metabolism",15,0.48387,1,0.38989,0.40906,1,1,0
"Nicotinate and nicotinamide metabolism",15,0.48387,1,0.38989,0.40906,1,1,0.1943
"Pentose and glucuronate interconversions",18,0.58065,1,0.44763,0.34908,1,1,0.125
"Fatty acid biosynthesis",47,1.5161,2,0.4529,0.344,1,1,0.01473
"Citrate cycle (TCA cycle)",20,0.64516,1,0.48311,0.31596,1,1,0.04634
"Pentose phosphate pathway",22,0.70968,1,0.51635,0.28706,1,1,0.04712
"Lysine degradation",25,0.80645,1,0.56232,0.25002,1,1,0
"Glycolysis / Gluconeogenesis",26,0.83871,1,0.57667,0.23907,1,1,0.10044
"Inositol phosphate metabolism",30,0.96774,1,0.6296,0.20094,1,1,0
"Porphyrin and chlorophyll metabolism",30,0.96774,1,0.6296,0.20094,1,1,0
"Glycine, serine and threonine metabolism",33,1.0645,1,0.66499,0.17719,1,1,0
"Fatty acid elongation",39,1.2581,1,0.72611,0.139,1,1,0
"Fatty acid degradation",39,1.2581,1,0.72611,0.139,1,1,0
