"","Total","Expected","Hits","Raw p","-log10(p)","Holm adjust","FDR","Impact"
"Aminoacyl-tRNA biosynthesis",48,2.8181,15,2.4158e-08,7.6169,2.0293e-06,2.0293e-06,0.16667
"Alanine, aspartate and glutamate metabolism",28,1.6439,8,0.0001222,3.9129,0.010143,0.0051326,0.33974
"Valine, leucine and isoleucine biosynthesis",8,0.46968,4,0.00064978,3.1872,0.053282,0.018194,0
"Citrate cycle (TCA cycle)",20,1.1742,5,0.0047961,2.3191,0.38848,0.10072,0.24424
"Arginine biosynthesis",14,0.82194,4,0.0070676,2.1507,0.56541,0.11874,0.06091
"Glyoxylate and dicarboxylate metabolism",32,1.8787,6,0.009095,2.0412,0.7185,0.1272,0.15345
"Glycine, serine and threonine metabolism",33,1.9374,6,0.0106,1.9747,0.82681,0.1272,0.26741
"Phenylalanine metabolism",10,0.5871,3,0.017385,1.7598,1,0.17669,0.35714
"Phenylalanine, tyrosine and tryptophan biosynthesis",4,0.23484,2,0.018931,1.7228,1,0.17669,1
"Cysteine and methionine metabolism",33,1.9374,5,0.040139,1.3964,1,0.33717,0.22222
"Biosynthesis of unsaturated fatty acids",36,2.1135,5,0.055549,1.2553,1,0.42419,0
"Arginine and proline metabolism",38,2.231,5,0.067489,1.1708,1,0.46334,0.27288
"Taurine and hypotaurine metabolism",8,0.46968,2,0.075754,1.1206,1,0.46334,0.42857
"Glutathione metabolism",28,1.6439,4,0.077223,1.1123,1,0.46334,0.06732
"Pentose and glucuronate interconversions",18,1.0568,3,0.084236,1.0745,1,0.47172,0.375
"Pantothenate and CoA biosynthesis",19,1.1155,3,0.095937,1.018,1,0.50367,0
"Neomycin, kanamycin and gentamicin biosynthesis",2,0.11742,1,0.11401,0.94306,1,0.56333,0
"Pyruvate metabolism",22,1.2916,3,0.13461,0.87091,1,0.6282,0.29082
"Galactose metabolism",27,1.5852,3,0.20833,0.68124,1,0.91833,0.10964
"Nicotinate and nicotinamide metabolism",15,0.88065,2,0.21865,0.66025,1,0.91833,0
"Linoleic acid metabolism",5,0.29355,1,0.26134,0.58279,1,1,1
"Starch and sucrose metabolism",18,1.0568,2,0.28564,0.54418,1,1,0.47093
"D-Glutamine and D-glutamate metabolism",6,0.35226,1,0.30485,0.51591,1,1,0
"Nitrogen metabolism",6,0.35226,1,0.30485,0.51591,1,1,0
"Purine metabolism",65,3.8161,5,0.33305,0.47749,1,1,0.01451
"Thiamine metabolism",7,0.41097,1,0.34582,0.46115,1,1,0
"beta-Alanine metabolism",21,1.2329,2,0.35215,0.45327,1,1,0
"Pentose phosphate pathway",22,1.2916,2,0.3739,0.42724,1,1,0.04712
"Sulfur metabolism",8,0.46968,1,0.3844,0.41522,1,1,0.21277
"Ascorbate and aldarate metabolism",8,0.46968,1,0.3844,0.41522,1,1,0.5
"Propanoate metabolism",23,1.3503,2,0.39536,0.403,1,1,0
"Valine, leucine and isoleucine degradation",40,2.3484,3,0.42052,0.37621,1,1,0.01084
"Ubiquinone and other terpenoid-quinone biosynthesis",9,0.52839,1,0.42073,0.376,1,1,0
"Tryptophan metabolism",41,2.4071,3,0.43659,0.35993,1,1,0.23722
"Lysine degradation",25,1.4677,2,0.43726,0.35926,1,1,0
"Tyrosine metabolism",42,2.4658,3,0.4525,0.34438,1,1,0.16435
"Biotin metabolism",10,0.5871,1,0.45494,0.34205,1,1,0
"Fatty acid biosynthesis",47,2.7594,3,0.52903,0.27652,1,1,0.01473
"alpha-Linolenic acid metabolism",13,0.76323,1,0.54602,0.26279,1,1,0.33333
"Butanoate metabolism",15,0.88065,1,0.5982,0.22315,1,1,0
"Histidine metabolism",16,0.93935,1,0.62202,0.20619,1,1,0
"Glycerolipid metabolism",16,0.93935,1,0.62202,0.20619,1,1,0.09346
"Fatty acid degradation",39,2.2897,2,0.67952,0.1678,1,1,0
"Pyrimidine metabolism",39,2.2897,2,0.67952,0.1678,1,1,0.01584
"Selenocompound metabolism",20,1.1742,1,0.70412,0.15236,1,1,0
"Sphingolipid metabolism",21,1.2329,1,0.72171,0.14164,1,1,0
"Primary bile acid biosynthesis",46,2.7006,2,0.76527,0.11618,1,1,0.05823
"Glycolysis / Gluconeogenesis",26,1.5265,1,0.79532,0.099456,1,1,0.10044
"Inositol phosphate metabolism",30,1.7613,1,0.84004,0.075699,1,1,0
"Glycerophospholipid metabolism",36,2.1135,1,0.88963,0.050792,1,1,0.01324
"Amino sugar and nucleotide sugar metabolism",37,2.1723,1,0.89626,0.047566,1,1,0
"Fatty acid elongation",39,2.2897,1,0.90837,0.041738,1,1,0
"Steroid biosynthesis",42,2.4658,1,0.92396,0.034348,1,1,0.0282
"Steroid hormone biosynthesis",85,4.9903,1,0.99497,0.0021906,1,1,0.00528
