"","Total","Expected","Hits","Raw p","-log10(p)","Holm adjust","FDR","Impact"
"Aminoacyl-tRNA biosynthesis",48,0.8671,6,0.0001442,3.841,0.012113,0.011703,0.16667
"Valine, leucine and isoleucine biosynthesis",8,0.14452,3,0.00027865,3.5549,0.023128,0.011703,0
"Alanine, aspartate and glutamate metabolism",28,0.50581,3,0.012788,1.8932,1,0.35808,0.13462
"Glycine, serine and threonine metabolism",33,0.59613,3,0.02005,1.6979,1,0.42106,0.21707
"Butanoate metabolism",15,0.27097,2,0.028584,1.5439,1,0.48021,0.03175
"Synthesis and degradation of ketone bodies",5,0.090323,1,0.087226,1.0594,1,1,0
"Glyoxylate and dicarboxylate metabolism",32,0.57806,2,0.11195,0.95097,1,1,0.07408
"Biosynthesis of unsaturated fatty acids",36,0.65032,2,0.13613,0.86604,1,1,0
"Arginine and proline metabolism",38,0.68645,2,0.14864,0.82786,1,1,0.08992
"Valine, leucine and isoleucine degradation",40,0.72258,2,0.16139,0.79212,1,1,0
"Biotin metabolism",10,0.18065,1,0.16709,0.77704,1,1,0
"Arginine biosynthesis",14,0.2529,1,0.22609,0.64572,1,1,0
"Glycerolipid metabolism",16,0.28903,1,0.25406,0.59507,1,1,0.23676
"Pantothenate and CoA biosynthesis",19,0.34323,1,0.29419,0.53137,1,1,0
"Citrate cycle (TCA cycle)",20,0.36129,1,0.3071,0.51272,1,1,0.09038
"Sphingolipid metabolism",21,0.37935,1,0.31978,0.49515,1,1,0
"Propanoate metabolism",23,0.41548,1,0.34447,0.46285,1,1,0
"Lysine degradation",25,0.45161,1,0.3683,0.4338,1,1,0
"Galactose metabolism",27,0.48774,1,0.39129,0.4075,1,1,0
"Glutathione metabolism",28,0.50581,1,0.40248,0.39525,1,1,0.00709
"Cysteine and methionine metabolism",33,0.59613,1,0.45553,0.34149,1,1,0.02184
"Steroid biosynthesis",42,0.75871,1,0.53978,0.26778,1,1,0.0282
"Primary bile acid biosynthesis",46,0.83097,1,0.57305,0.2418,1,1,0.05065
"Purine metabolism",65,1.1742,1,0.7019,0.15372,1,1,0
"Steroid hormone biosynthesis",85,1.5355,1,0.79679,0.098656,1,1,0.00528
