"","Total","Expected","Hits","Raw p","-log10(p)","Holm adjust","FDR","Impact"
"Aminoacyl-tRNA biosynthesis",48,3.4065,16,4.7363e-08,7.3246,3.9785e-06,3.9785e-06,0.16667
"Phenylalanine, tyrosine and tryptophan biosynthesis",4,0.28387,3,0.0013213,2.879,0.10967,0.029642,1
"Valine, leucine and isoleucine biosynthesis",8,0.56774,4,0.001347,2.8706,0.11045,0.029642,0
"Pantothenate and CoA biosynthesis",19,1.3484,6,0.0014115,2.8503,0.11434,0.029642,0.05
"Arginine biosynthesis",14,0.99355,5,0.0019625,2.7072,0.157,0.03297,0.17766
"Phenylalanine metabolism",10,0.70968,4,0.0036135,2.4421,0.28547,0.05059,0.85714
"Pyrimidine metabolism",39,2.7677,8,0.004789,2.3198,0.37354,0.057467,0.23778
"Alanine, aspartate and glutamate metabolism",28,1.9871,6,0.011571,1.9366,0.89093,0.12149,0.47116
"Purine metabolism",65,4.6129,10,0.013861,1.8582,1,0.12937,0.23462
"Butanoate metabolism",15,1.0645,4,0.017798,1.7496,1,0.14951,0
"Glycine, serine and threonine metabolism",33,2.3419,6,0.025442,1.5945,1,0.19428,0.51318
"Starch and sucrose metabolism",18,1.2774,4,0.033835,1.4706,1,0.23685,0.51202
"Amino sugar and nucleotide sugar metabolism",37,2.6258,6,0.042389,1.3728,1,0.26016,0.0929
"Glutathione metabolism",28,1.9871,5,0.04336,1.3629,1,0.26016,0.16862
"beta-Alanine metabolism",21,1.4903,4,0.056188,1.2504,1,0.31465,0.45522
"D-Glutamine and D-glutamate metabolism",6,0.42581,2,0.062017,1.2075,1,0.32559,0.5
"Glyoxylate and dicarboxylate metabolism",32,2.271,5,0.070982,1.1489,1,0.35073,0.22752
"Cysteine and methionine metabolism",33,2.3419,5,0.079114,1.1017,1,0.3692,0.24311
"Histidine metabolism",16,1.1355,3,0.099015,1.0043,1,0.42205,0.22131
"Taurine and hypotaurine metabolism",8,0.56774,2,0.10551,0.9767,1,0.42205,0.42857
"Ascorbate and aldarate metabolism",8,0.56774,2,0.10551,0.9767,1,0.42205,1
"Galactose metabolism",27,1.9161,4,0.11925,0.92355,1,0.45531,0.10456
"Pentose and glucuronate interconversions",18,1.2774,3,0.13036,0.88484,1,0.47611,0.42188
"Neomycin, kanamycin and gentamicin biosynthesis",2,0.14194,1,0.13694,0.86346,1,0.4793,0
"Citrate cycle (TCA cycle)",20,1.4194,3,0.1647,0.78331,1,0.55339,0.13249
"Sphingolipid metabolism",21,1.4903,3,0.18278,0.73806,1,0.59054,0.16836
"Pentose phosphate pathway",22,1.5613,3,0.20137,0.69599,1,0.6265,0.04712
"Biosynthesis of unsaturated fatty acids",36,2.5548,4,0.24913,0.60358,1,0.74738,0
"Nicotinate and nicotinamide metabolism",15,1.0645,2,0.28868,0.53959,1,0.8353,0.1943
"Synthesis and degradation of ketone bodies",5,0.35484,1,0.30827,0.51108,1,0.8353,0
"Linoleic acid metabolism",5,0.35484,1,0.30827,0.51108,1,0.8353,1
"Nitrogen metabolism",6,0.42581,1,0.35752,0.44671,1,0.93848,0
"Thiamine metabolism",7,0.49677,1,0.40329,0.39438,1,1,0
"Fructose and mannose metabolism",20,1.4194,2,0.42091,0.37581,1,1,0.0635
"Pyruvate metabolism",22,1.5613,2,0.47043,0.3275,1,1,0.0311
"Ubiquinone and other terpenoid-quinone biosynthesis",9,0.63871,1,0.48536,0.31394,1,1,0
"Propanoate metabolism",23,1.6323,2,0.49425,0.30606,1,1,0
"Arginine and proline metabolism",38,2.6968,3,0.51386,0.28916,1,1,0.22009
"Valine, leucine and isoleucine degradation",40,2.8387,3,0.54947,0.26005,1,1,0
"Porphyrin and chlorophyll metabolism",30,2.129,2,0.64102,0.19313,1,1,0
"Inositol phosphate metabolism",30,2.129,2,0.64102,0.19313,1,1,0.02979
"Primary bile acid biosynthesis",46,3.2645,3,0.64667,0.18932,1,1,0.06581
"Glycerolipid metabolism",16,1.1355,1,0.69387,0.15872,1,1,0.09346
"Glycerophospholipid metabolism",36,2.5548,2,0.7386,0.13159,1,1,0.03747
"Selenocompound metabolism",20,1.4194,1,0.77274,0.11196,1,1,0
"Tyrosine metabolism",42,2.9806,2,0.81284,0.089997,1,1,0.16435
"Lysine degradation",25,1.7742,1,0.84359,0.073871,1,1,0.14085
"Fatty acid biosynthesis",47,3.3355,2,0.85981,0.065599,1,1,0
"Phosphatidylinositol signaling system",28,1.9871,1,0.87507,0.057958,1,1,0.00825
"Arachidonic acid metabolism",36,2.5548,1,0.93154,0.030796,1,1,0.3135
"Fatty acid degradation",39,2.7677,1,0.94542,0.024377,1,1,0
"Tryptophan metabolism",41,2.9097,1,0.95308,0.020872,1,1,0.14305
"Steroid biosynthesis",42,2.9806,1,0.9565,0.019316,1,1,0.0282
"Steroid hormone biosynthesis",85,6.0323,1,0.9984,0.00069395,1,1,0.00528
