"","Total","Expected","Hits","Raw p","-log10(p)","Holm adjust","FDR","Impact"
"Complement and coagulation cascades",79,10.653,35,1.7438e-11,10.759,5.7719e-09,5.7719e-09,0.073572
"Bile secretion",72,9.7088,30,2.9824e-09,8.5254,9.8419e-07,4.9359e-07,0.00097125
"Protein digestion and absorption",95,12.81,32,3.5675e-07,6.4476,0.00011737,3.9361e-05,0
"Chemical carcinogenesis",82,11.057,28,1.4021e-06,5.8532,0.00045989,0.00011602,0.00015767
"Drug metabolism - cytochrome P450",72,9.7088,24,1.259e-05,4.9,0.004117,0.00083347,0.0052225
"Pancreatic secretion",102,13.754,30,1.8439e-05,4.7343,0.0060112,0.0010172,0.0043695
"Amoebiasis",102,13.754,29,5.0715e-05,4.2949,0.016482,0.0023981,0.00084746
"Steroid hormone biosynthesis",60,8.0907,20,6.586e-05,4.1814,0.021339,0.002725,0.37007
"Nitrogen metabolism",17,2.2924,9,0.00012524,3.9023,0.040453,0.0046061,0.0057971
"ECM-receptor interaction",88,11.866,25,0.00016659,3.7784,0.053642,0.0055141,0
"TGF-beta signaling pathway",94,12.675,26,0.00020019,3.6986,0.064262,0.006024,0.028956
"Pathways in cancer",531,71.602,99,0.00033425,3.4759,0.10696,0.0092197,0.050505
"Renin-angiotensin system",23,3.1014,10,0.00041134,3.3858,0.13122,0.0097252,0
"Proximal tubule bicarbonate reclamation",23,3.1014,10,0.00041134,3.3858,0.13122,0.0097252,0
"Bladder cancer",41,5.5286,14,0.0006133,3.2123,0.19441,0.013533,0.0080645
"PI3K-Akt signaling pathway",354,47.735,69,0.0007891,3.1029,0.24936,0.014573,0.13774
"Tryptophan metabolism",42,5.6635,14,0.00080757,3.0928,0.25438,0.014573,0.19205
"Metabolism of xenobiotics by cytochrome P450",76,10.248,21,0.00081015,3.0914,0.25439,0.014573,0.006733
"Primary bile acid biosynthesis",17,2.2924,8,0.00083653,3.0775,0.26183,0.014573,0.3136
"Arachidonic acid metabolism",63,8.4952,18,0.0012296,2.9103,0.38362,0.020349,0.30103
"Renin secretion",69,9.3043,19,0.0014775,2.8305,0.4595,0.023288,0.013636
"Proteoglycans in cancer",204,27.508,43,0.0016074,2.7939,0.49829,0.023992,0.0053727
"ABC transporters",45,6.068,14,0.0017259,2.763,0.5333,0.023992,0
"Cholesterol metabolism",50,6.7422,15,0.0018006,2.7446,0.55459,0.023992,7.0028e-05
"Glycosphingolipid biosynthesis - lacto and neolacto series",27,3.6408,10,0.0018234,2.7391,0.5598,0.023992,0.19142
"Tyrosine metabolism",36,4.8544,12,0.0018846,2.7248,0.57668,0.023992,0.30492
"Pantothenate and CoA biosynthesis",19,2.562,8,0.0020273,2.6931,0.61834,0.024204,0.22154
"PPAR signaling pathway",76,10.248,20,0.0020475,2.6888,0.62243,0.024204,0.0055523
"Mineral absorption",58,7.821,16,0.0033352,2.4769,1,0.038067,0.00014006
"Thyroid hormone synthesis",74,9.9785,19,0.0035401,2.451,1,0.039059,0.006495
"Gastric acid secretion",75,10.113,19,0.004157,2.3812,1,0.044387,0.018854
"Phenylalanine metabolism",17,2.2924,7,0.0045067,2.3461,1,0.046616,0.01966
"Maturity onset diabetes of the young",26,3.506,9,0.0051796,2.2857,1,0.051953,0.011586
"Cell adhesion molecules (CAMs)",147,19.822,31,0.0067363,2.1716,1,0.06558,5.7176e-05
"Aldosterone-regulated sodium reabsorption",37,4.9892,11,0.0076777,2.1148,1,0.072609,0.085979
"Histidine metabolism",23,3.1014,8,0.0080172,2.096,1,0.073714,0.072316
"Serotonergic synapse",115,15.507,25,0.0095724,2.019,1,0.085634,0.0059385
"Signaling pathways regulating pluripotency of stem cells",140,18.878,29,0.011019,1.9579,1,0.095978,0.0094677
"AGE-RAGE signaling pathway in diabetic complications",100,13.484,22,0.012639,1.8983,1,0.10727,0.027217
"Glycine, serine and threonine metabolism",40,5.3938,11,0.014209,1.8474,1,0.11758,0.4121
"Gastric cancer",149,20.092,30,0.01458,1.8362,1,0.1177,0.013992
"Salivary secretion",90,12.136,20,0.015192,1.8184,1,0.11898,0.013665
"Staphylococcus aureus infection",96,12.945,21,0.015559,1.808,1,0.11898,0.0083056
"EGFR tyrosine kinase inhibitor resistance",79,10.653,18,0.016091,1.7934,1,0.11898,0.22665
"Glutamatergic synapse",114,15.372,24,0.016175,1.7911,1,0.11898,0.10497
"Fat digestion and absorption",41,5.5286,11,0.017121,1.7665,1,0.1232,0
"Alanine, aspartate and glutamate metabolism",36,4.8544,10,0.0177,1.752,1,0.12378,0.15339
"beta-Alanine metabolism",31,4.1802,9,0.01795,1.7459,1,0.12378,0.29847
"Caffeine metabolism",5,0.67422,3,0.019789,1.7036,1,0.131,0.047126
"D-Glutamine and D-glutamate metabolism",5,0.67422,3,0.019789,1.7036,1,0.131,0.054167
"African trypanosomiasis",37,4.9892,10,0.021412,1.6693,1,0.13897,0.0015873
"Cytokine-cytokine receptor interaction",294,39.644,52,0.022338,1.6509,1,0.14219,0
"Viral protein interaction with cytokine and cytokine receptor",100,13.484,21,0.024055,1.6188,1,0.15023,0
"Drug metabolism - other enzymes",79,10.653,17,0.032063,1.494,1,0.19653,0.10283
"Rap1 signaling pathway",210,28.317,38,0.03368,1.4726,1,0.20269,0.014913
"Wnt signaling pathway",160,21.575,30,0.036126,1.4422,1,0.21353,0.076031
"Focal adhesion",199,26.834,36,0.038062,1.4195,1,0.22102,0.6441
"Central carbon metabolism in cancer",69,9.3043,15,0.039068,1.4082,1,0.22188,0.0071508
"Phosphatidylinositol signaling system",99,13.35,20,0.03955,1.4029,1,0.22188,0.74724
"Adrenergic signaling in cardiomyocytes",149,20.092,28,0.040805,1.3893,1,0.22511,0.046579
"Inflammatory mediator regulation of TRP channels",100,13.484,20,0.043424,1.3623,1,0.23402,0.018003
"Gap junction",88,11.866,18,0.044087,1.3557,1,0.23402,0.05279
"Carbohydrate digestion and absorption",47,6.3377,11,0.044542,1.3512,1,0.23402,0.0032787
"Vascular smooth muscle contraction",132,17.799,25,0.047182,1.3262,1,0.24402,0.075654
"Arrhythmogenic right ventricular cardiomyopathy (ARVC)",77,10.383,16,0.048992,1.3099,1,0.24948,0
"Prostate cancer",97,13.08,19,0.057664,1.2391,1,0.28919,0.025516
"Phospholipase D signaling pathway",148,19.957,27,0.060183,1.2205,1,0.29379,0.18753
"Retinol metabolism",67,9.0346,14,0.060355,1.2193,1,0.29379,0.079167
"Fatty acid elongation",27,3.6408,7,0.061842,1.2087,1,0.29666,0.0092502
"Hematopoietic cell lineage",98,13.215,19,0.06289,1.2014,1,0.29738,0
"Chemokine signaling pathway",189,25.486,33,0.068826,1.1623,1,0.32086,0.12959
"Leukocyte transendothelial migration",112,15.103,21,0.070782,1.1501,1,0.3254,0.022125
"Estrogen signaling pathway",138,18.609,25,0.073248,1.1352,1,0.32774,0.1162
"Butanoate metabolism",28,3.7756,7,0.07327,1.1351,1,0.32774,0.13533
"Basal cell carcinoma",63,8.4952,13,0.074581,1.1274,1,0.32915,0.11667
"Melanogenesis",101,13.619,19,0.080494,1.0942,1,0.35057,0.028541
"GnRH secretion",64,8.63,13,0.082595,1.083,1,0.35505,0.14801
"Breast cancer",147,19.822,26,0.086551,1.0627,1,0.36705,0.021078
"Hippo signaling pathway",154,20.766,27,0.08914,1.0499,1,0.36705,0.0081538
"Dilated cardiomyopathy (DCM)",96,12.945,18,0.089375,1.0488,1,0.36705,0.013414
"Prion diseases",35,4.7195,8,0.089821,1.0466,1,0.36705,0
"Hypertrophic cardiomyopathy (HCM)",90,12.136,17,0.091709,1.0376,1,0.37015,0.0014493
"Endocrine and other factor-regulated calcium reabsorption",53,7.1467,11,0.092818,1.0324,1,0.37015,0.0061688
"cAMP signaling pathway",216,29.126,36,0.10125,0.9946,1,0.39463,0.35476
"Long-term depression",60,8.0907,12,0.10184,0.99208,1,0.39463,0.055556
"Starch and sucrose metabolism",36,4.8544,8,0.10253,0.98914,1,0.39463,0.25203
"Small cell lung cancer",92,12.406,17,0.10733,0.96927,1,0.39867,0.019804
"Neuroactive ligand-receptor interaction",340,45.847,54,0.10867,0.96388,1,0.39867,0
"Colorectal cancer",86,11.597,16,0.1105,0.95662,1,0.39867,0.022091
"Insulin secretion",86,11.597,16,0.1105,0.95662,1,0.39867,0.055294
"Glycerolipid metabolism",61,8.2255,12,0.11206,0.95055,1,0.39867,0.19363
"Antifolate resistance",31,4.1802,7,0.11446,0.94133,1,0.39867,0
"Mucin type O-glycan biosynthesis",31,4.1802,7,0.11446,0.94133,1,0.39867,0.23611
"Ovarian steroidogenesis",49,6.6074,10,0.11553,0.9373,1,0.39867,0.0085601
"Type I diabetes mellitus",43,5.7983,9,0.11636,0.93418,1,0.39867,0
"Parathyroid hormone synthesis, secretion and action",106,14.293,19,0.11649,0.9337,1,0.39867,0.021229
"Inositol phosphate metabolism",74,9.9785,14,0.11683,0.93244,1,0.39867,0.57593
"Regulation of actin cytoskeleton",213,28.722,35,0.12144,0.91565,1,0.40688,0.19047
"One carbon pool by folate",20,2.6969,5,0.1217,0.91472,1,0.40688,0.21172
"IL-17 signaling pathway",94,12.675,17,0.12449,0.90487,1,0.41155,0
"Glutathione metabolism",56,7.5513,11,0.12558,0.90108,1,0.41155,0.23815
"Fatty acid degradation",44,5.9331,9,0.12978,0.88678,1,0.42116,0.62677
"Glycosphingolipid biosynthesis - globo and isoglobo series",15,2.0227,4,0.13309,0.87587,1,0.42768,0.47948
"Synthesis and degradation of ketone bodies",10,1.3484,3,0.14196,0.84784,1,0.44822,0.48889
"Arginine biosynthesis",21,2.8317,5,0.14297,0.84476,1,0.44822,0.24244
"Relaxin signaling pathway",129,17.395,22,0.14354,0.84303,1,0.44822,0.10427
"Apelin signaling pathway",137,18.474,23,0.15471,0.81047,1,0.4786,0.054234
"Cell cycle",124,16.721,21,0.15795,0.80148,1,0.48409,0.1541
"Choline metabolism in cancer",98,13.215,17,0.16332,0.78697,1,0.49595,0.024311
"p53 signaling pathway",72,9.7088,13,0.16545,0.78134,1,0.49785,0.00011655
"Fluid shear stress and atherosclerosis",139,18.743,23,0.1722,0.76398,1,0.51348,0.0070788
"Rheumatoid arthritis",93,12.541,16,0.18097,0.74238,1,0.53484,0
"Long-term potentiation",67,9.0346,12,0.18502,0.73278,1,0.54197,0.72258
"Linoleic acid metabolism",29,3.9105,6,0.18795,0.72595,1,0.54573,0.074573
"Tight junction",169,22.789,27,0.19685,0.70587,1,0.56563,0.0096462
"Glycolysis or Gluconeogenesis",68,9.1694,12,0.19897,0.7012,1,0.56563,0.43778
"Regulation of lipolysis in adipocytes",55,7.4164,10,0.19993,0.69911,1,0.56563,0.019774
"Glioma",75,10.113,13,0.20456,0.68917,1,0.57382,0.081811
"Cysteine and methionine metabolism",49,6.6074,9,0.20787,0.68222,1,0.57818,0.40156
"Glyoxylate and dicarboxylate metabolism",30,4.0453,6,0.21004,0.67769,1,0.57937,0.035397
"Vitamin digestion and absorption",24,3.2363,5,0.21496,0.66764,1,0.58803,0
"Arginine and proline metabolism",50,6.7422,9,0.22541,0.64703,1,0.60248,0.080914
"Calcium signaling pathway",193,26.025,30,0.22582,0.64625,1,0.60248,0.027875
"Platelet activation",124,16.721,20,0.22632,0.64528,1,0.60248,0.17589
"FoxO signaling pathway",131,17.665,21,0.22793,0.64219,1,0.60248,0.014917
"Circadian entrainment",97,13.08,16,0.22934,0.63952,1,0.60248,0.074108
"Axon guidance",181,24.407,28,0.24362,0.61329,1,0.63495,0.0037412
"Thyroid hormone signaling pathway",119,16.046,19,0.24781,0.60588,1,0.64082,0.019317
"ErbB signaling pathway",85,11.462,14,0.25056,0.60108,1,0.64292,0.12127
"MAPK signaling pathway",295,39.779,44,0.25533,0.5929,1,0.65011,0.044838
"Cardiac muscle contraction",86,11.597,14,0.26496,0.57681,1,0.66949,0.0083056
"GnRH signaling pathway",93,12.541,15,0.2671,0.57333,1,0.66977,0.14246
"Oocyte meiosis",128,17.26,20,0.27275,0.56423,1,0.67881,0.067857
"Ferroptosis",40,5.3938,7,0.28968,0.53809,1,0.71554,0.00037023
"Riboflavin metabolism",8,1.0788,2,0.29475,0.53055,1,0.71957,0.025362
"Ascorbate and aldarate metabolism",27,3.6408,5,0.29565,0.52922,1,0.71957,0.0025399
"Pentose and glucuronate interconversions",34,4.5847,6,0.30568,0.51473,1,0.73317,0.028753
"Propanoate metabolism",34,4.5847,6,0.30568,0.51473,1,0.73317,0.082758
"Phagosome",152,20.496,23,0.30789,0.51161,1,0.73317,0
"Cellular senescence",160,21.575,24,0.31857,0.49679,1,0.75319,0.026857
"Ras signaling pathway",232,31.284,34,0.32621,0.4865,1,0.76579,0.03527
"Hepatocellular carcinoma",168,22.654,25,0.32881,0.48306,1,0.76645,0.011517
"Porphyrin and chlorophyll metabolism",42,5.6635,7,0.33529,0.47459,1,0.77608,0.017656
"Endocrine resistance",98,13.215,15,0.34003,0.46849,1,0.78159,0.086025
"Cushing syndrome",155,20.901,23,0.34334,0.46428,1,0.78376,0.0086582
"AMPK signaling pathway",120,16.181,18,0.35097,0.45473,1,0.79426,0.049302
"Glucagon signaling pathway",106,14.293,16,0.35381,0.45123,1,0.79426,0.01866
"Progesterone-mediated oocyte maturation",99,13.35,15,0.35514,0.4496,1,0.79426,0.039744
"Hedgehog signaling pathway",50,6.7422,8,0.3596,0.44418,1,0.79432,0.01039
"Pyrimidine metabolism",57,7.6861,9,0.35997,0.44374,1,0.79432,0.53805
"Transcriptional misregulation in cancer",186,25.081,27,0.37035,0.43138,1,0.81183,0
"Pathogenic Escherichia coli infection",201,27.104,29,0.37674,0.42396,1,0.81214,0.011806
"Melanoma",72,9.7088,11,0.37737,0.42324,1,0.81214,0.03125
"Endometrial cancer",58,7.821,9,0.38018,0.42001,1,0.81214,0.024155
"Citrate cycle (TCA cycle)",30,4.0453,5,0.38031,0.41986,1,0.81214,0.30735
"Non-small cell lung cancer",66,8.8997,10,0.39802,0.4001,1,0.83946,0.026948
"HIF-1 signaling pathway",109,14.698,16,0.39818,0.39993,1,0.83946,0.069557
"Oxytocin signaling pathway",153,20.631,22,0.40736,0.39002,1,0.84809,0.041579
"Selenocompound metabolism",17,2.2924,3,0.40739,0.38999,1,0.84809,0.027003
"Longevity regulating pathway",89,12.001,13,0.42388,0.37276,1,0.8769,0.19706
"Retrograde endocannabinoid signaling",148,19.957,21,0.43648,0.36004,1,0.88044,0.0097533
"Valine, leucine and isoleucine biosynthesis",4,0.53938,1,0.43982,0.35672,1,0.88044,0.0061538
"Peroxisome",83,11.192,12,0.4452,0.35144,1,0.88044,0
"Ubiquinone and other terpenoid-quinone biosynthesis",11,1.4833,2,0.44836,0.34837,1,0.88044,0.0028728
"Taurine and hypotaurine metabolism",11,1.4833,2,0.44836,0.34837,1,0.88044,0.0098522
"Alzheimer disease",171,23.058,24,0.44983,0.34695,1,0.88044,0.00045228
"Pertussis",76,10.248,11,0.45016,0.34663,1,0.88044,0.00073164
"Pancreatic cancer",76,10.248,11,0.45016,0.34663,1,0.88044,0.015351
"Ether lipid metabolism",47,6.3377,7,0.45164,0.34521,1,0.88044,0.10797
"Aldosterone synthesis and secretion",98,13.215,14,0.45219,0.34468,1,0.88044,0.025362
"Folate biosynthesis",26,3.506,4,0.47263,0.32548,1,0.90815,0.01057
"Prolactin signaling pathway",70,9.4391,10,0.47451,0.32375,1,0.90815,0.10216
"Valine, leucine and isoleucine degradation",48,6.4725,7,0.47465,0.32362,1,0.90815,0.65539
"Steroid biosynthesis",19,2.562,3,0.48241,0.31658,1,0.91238,0.0012098
"Graft-versus-host disease",41,5.5286,6,0.48267,0.31635,1,0.91238,0
"cGMP-PKG signaling pathway",167,22.519,23,0.49102,0.3089,1,0.91238,0.14002
"Human papillomavirus infection",330,44.499,45,0.49256,0.30754,1,0.91238,0.008805
"Human T-cell leukemia virus 1 infection",219,29.531,30,0.49323,0.30695,1,0.91238,0.0012522
"Adherens junction",71,9.5739,10,0.4934,0.3068,1,0.91238,0.021622
"Intestinal immune network for IgA production",49,6.6074,7,0.49741,0.30329,1,0.91468,0
"Dopaminergic synapse",131,17.665,18,0.50473,0.29694,1,0.92301,0.025626
"MicroRNAs in cancer",310,41.802,42,0.51281,0.29004,1,0.93222,0
"Neomycin, kanamycin and gentamicin biosynthesis",5,0.67422,1,0.5154,0.28786,1,0.93222,7.1715e-05
"Hepatitis C",155,20.901,21,0.52686,0.27831,1,0.94777,0.007195
"Platinum drug resistance",73,9.8436,10,0.53062,0.27521,1,0.94938,0.0066667
"Huntington disease",193,26.025,26,0.53481,0.2718,1,0.95173,0.0013169
"Non-homologous end-joining",13,1.753,2,0.53978,0.26778,1,0.95544,0
"TNF signaling pathway",112,15.103,15,0.5538,0.25665,1,0.96988,0.001933
"Cholinergic synapse",112,15.103,15,0.5538,0.25665,1,0.96988,0.044809
"Hippo signaling pathway - multiple species",29,3.9105,4,0.5624,0.24996,1,0.97976,0.0083056
"Thyroid cancer",37,4.9892,5,0.57069,0.2436,1,0.989,0.013333
"Amphetamine addiction",68,9.1694,9,0.57813,0.23797,1,0.99606,0.0016804
"Vitamin B6 metabolism",6,0.80907,1,0.58078,0.23598,1,0.99606,0.0013495
"Allograft rejection",38,5.1241,5,0.59547,0.22514,1,1,0
"Longevity regulating pathway - multiple species",62,8.3603,8,0.61,0.21467,1,1,0.060958
"Protein export",23,3.1014,3,0.61679,0.20986,1,1,0
"Mannose type O-glycan biosynthesis",23,3.1014,3,0.61679,0.20986,1,1,0.039894
"Circadian rhythm",31,4.1802,4,0.61734,0.20948,1,1,0
"Galactose metabolism",31,4.1802,4,0.61734,0.20948,1,1,0.083103
"Glycosphingolipid biosynthesis - ganglio series",15,2.0227,2,0.62015,0.2075,1,1,0.12492
"Sphingolipid signaling pathway",119,16.046,15,0.65212,0.18567,1,1,0.020746
"Malaria",49,6.6074,6,0.66369,0.17804,1,1,0
"Cocaine addiction",49,6.6074,6,0.66369,0.17804,1,1,0.00061728
"Cortisol synthesis and secretion",65,8.7649,8,0.66463,0.17742,1,1,0.014904
"Bacterial invasion of epithelial cells",73,9.8436,9,0.66594,0.17656,1,1,0.014396
"alpha-Linolenic acid metabolism",25,3.3711,3,0.67445,0.17105,1,1,0.00094268
"N-Glycan biosynthesis",50,6.7422,6,0.6833,0.16539,1,1,0.10227
"Amyotrophic lateral sclerosis (ALS)",51,6.8771,6,0.70215,0.15357,1,1,0.0038435
"Human cytomegalovirus infection",225,30.34,28,0.70764,0.15019,1,1,0.012251
"Insulin resistance",108,14.563,13,0.71308,0.14686,1,1,0.0065087
"Fc gamma R-mediated phagocytosis",93,12.541,11,0.72578,0.13919,1,1,0.081006
"Non-alcoholic fatty liver disease (NAFLD)",149,20.092,18,0.72905,0.13724,1,1,0.0037267
"Adipocytokine signaling pathway",69,9.3043,8,0.72987,0.13675,1,1,0.035437
"Autoimmune thyroid disease",53,7.1467,6,0.73754,0.13221,1,1,0
"Parkinson disease",142,19.148,17,0.73875,0.1315,1,1,0
"Glycosaminoglycan biosynthesis - heparan sulfate / heparin",19,2.562,2,0.74764,0.12631,1,1,0
"Glycosaminoglycan degradation",19,2.562,2,0.74764,0.12631,1,1,0.0045483
"Phototransduction",28,3.7756,3,0.74849,0.12581,1,1,0.0023127
"Growth hormone synthesis, secretion and action",119,16.046,14,0.74902,0.12551,1,1,0.048131
"RNA degradation",79,10.653,9,0.7557,0.12165,1,1,0
"Thermogenesis",231,31.149,28,0.75875,0.1199,1,1,0.085439
"mTOR signaling pathway",153,20.631,18,0.76912,0.114,1,1,0.089716
"Insulin signaling pathway",137,18.474,16,0.76951,0.11379,1,1,0.097902
"Glycosaminoglycan biosynthesis - chondroitin sulfate / dermatan sulfate",20,2.6969,2,0.77313,0.11175,1,1,0.0010081
"JAK-STAT signaling pathway",162,21.845,19,0.77835,0.10883,1,1,0.56508
"Pyruvate metabolism",39,5.2589,4,0.79054,0.10208,1,1,0.099903
"Inflammatory bowel disease (IBD)",65,8.7649,7,0.79162,0.10148,1,1,0.0042306
"Taste transduction",83,11.192,9,0.80534,0.09402,1,1,0.00020121
"Nicotine addiction",40,5.3938,4,0.80698,0.093137,1,1,0
"RNA polymerase",31,4.1802,3,0.80841,0.09237,1,1,0
"Asthma",31,4.1802,3,0.80841,0.09237,1,1,0
"Acute myeloid leukemia",67,9.0346,7,0.81705,0.087751,1,1,0.034574
"Terpenoid backbone biosynthesis",22,2.9666,2,0.81743,0.087549,1,1,0.022739
"Chronic myeloid leukemia",76,10.248,8,0.82199,0.085132,1,1,0.01936
"Homologous recombination",41,5.5286,4,0.82236,0.084939,1,1,0.0025641
"Mismatch repair",23,3.1014,2,0.83654,0.077514,1,1,0
"Osteoclast differentiation",128,17.26,14,0.83671,0.077423,1,1,0.046754
"Viral myocarditis",60,8.0907,6,0.83741,0.077064,1,1,0.0028409
"Renal cell carcinoma",69,9.3043,7,0.84,0.07572,1,1,0.0018797
"Fructose and mannose metabolism",33,4.4499,3,0.84128,0.075059,1,1,0.035718
"Toxoplasmosis",112,15.103,12,0.8427,0.074327,1,1,0.0030055
"Synaptic vesicle cycle",78,10.518,8,0.8433,0.074017,1,1,0
"C-type lectin receptor signaling pathway",104,14.024,11,0.8465,0.072375,1,1,0.0015038
"Lysine degradation",61,8.2255,6,0.8488,0.071195,1,1,0.054625
"GABAergic synapse",89,12.001,9,0.86504,0.062963,1,1,0.0074675
"Proteasome",45,6.068,4,0.87404,0.058467,1,1,0
"Oxidative phosphorylation",133,17.934,14,0.87425,0.058366,1,1,0
"Morphine addiction",91,12.271,9,0.88132,0.054867,1,1,0.0040404
"DNA replication",36,4.8544,3,0.8814,0.054827,1,1,0
"Viral carcinogenesis",201,27.104,22,0.88165,0.054706,1,1,0
"Epstein-Barr virus infection",201,27.104,22,0.88165,0.054706,1,1,0.0027646
"Type II diabetes mellitus",46,6.2028,4,0.88473,0.053187,1,1,0.036559
"Nicotinate and nicotinamide metabolism",37,4.9892,3,0.89261,0.049336,1,1,0.016682
"Collecting duct acid secretion",27,3.6408,2,0.89611,0.047637,1,1,0
"Hepatitis B",162,21.845,17,0.89621,0.047588,1,1,0.0031648
"NF-kappa B signaling pathway",102,13.754,10,0.89714,0.04714,1,1,0.0046202
"Leishmaniasis",76,10.248,7,0.90273,0.044444,1,1,0.0020202
"Purine metabolism",130,17.53,13,0.90802,0.041903,1,1,0.32959
"Fc epsilon RI signaling pathway",68,9.1694,6,0.91143,0.040275,1,1,0.02935
"VEGF signaling pathway",59,7.9558,5,0.91463,0.038756,1,1,0.030303
"Vibrio cholerae infection",50,6.7422,4,0.91996,0.036232,1,1,0.0079365
"Glycerophospholipid metabolism",97,13.08,9,0.92072,0.035873,1,1,0.18384
"Fatty acid biosynthesis",18,2.4272,1,0.92648,0.033162,1,1,0.01196
"Salmonella infection",80,10.788,7,0.92813,0.032393,1,1,0.002551
"Influenza A",170,22.924,17,0.93242,0.030389,1,1,0.0019407
"Neurotrophin signaling pathway",119,16.046,11,0.93944,0.027131,1,1,0.11824
"Cytosolic DNA-sensing pathway",63,8.4952,5,0.93973,0.026995,1,1,0
"Autophagy - other",32,4.315,2,0.94224,0.02584,1,1,0.002381
"Apoptosis - multiple species",32,4.315,2,0.94224,0.02584,1,1,0.010417
"Various types of N-glycan biosynthesis",20,2.6969,1,0.94501,0.024562,1,1,0
"Fanconi anemia pathway",54,7.2816,4,0.94521,0.02447,1,1,0.068309
"Base excision repair",33,4.4499,2,0.94875,0.022848,1,1,0
"Toll-like receptor signaling pathway",104,14.024,9,0.95202,0.021356,1,1,0.012168
"Legionellosis",56,7.5513,4,0.95489,0.020045,1,1,0
"Human immunodeficiency virus 1 infection",212,28.587,21,0.95509,0.019957,1,1,0.0058635
"Tuberculosis",179,24.137,17,0.95981,0.017816,1,1,0.0073159
"Ribosome",153,20.631,14,0.96167,0.016975,1,1,0
"Sphingolipid metabolism",47,6.3377,3,0.96218,0.016745,1,1,0.33271
"NOD-like receptor signaling pathway",181,24.407,17,0.96437,0.015756,1,1,0.0063517
"Glycosylphosphatidylinositol (GPI)-anchor biosynthesis",23,3.1014,1,0.96444,0.015726,1,1,0
"Amino sugar and nucleotide sugar metabolism",48,6.4725,3,0.96607,0.01499,1,1,0.018098
"Primary immunodeficiency",38,5.1241,2,0.97209,0.012296,1,1,0
"Chagas disease (American trypanosomiasis)",102,13.754,8,0.9733,0.011751,1,1,0.011606
"Kaposi sarcoma-associated herpesvirus infection",186,25.081,17,0.97384,0.011511,1,1,0.0053543
"Endocytosis",249,33.576,24,0.97538,0.010828,1,1,0
"Systemic lupus erythematosus",133,17.934,11,0.97751,0.0098791,1,1,0.00037707
"Notch signaling pathway",53,7.1467,3,0.98048,0.0085596,1,1,0
"Autophagy - animal",137,18.474,11,0.98337,0.0072826,1,1,0.080077
"Alcoholism",184,24.811,16,0.98351,0.0072196,1,1,0.0035354
"Protein processing in endoplasmic reticulum",166,22.384,14,0.98411,0.0069545,1,1,0.00017969
"Antigen processing and presentation",78,10.518,5,0.98528,0.0064386,1,1,0.019915
"PD-L1 expression and PD-1 checkpoint pathway in cancer",89,12.001,6,0.98579,0.0062149,1,1,0.030459
"Pentose phosphate pathway",30,4.0453,1,0.98714,0.0056193,1,1,0.021761
"Basal transcription factors",45,6.068,2,0.98833,0.0050974,1,1,0
"Epithelial cell signaling in Helicobacter pylori infection",70,9.4391,4,0.98928,0.004682,1,1,0.0017422
"Th1 and Th2 cell differentiation",92,12.406,6,0.9893,0.0046717,1,1,0
"Lysosome",123,16.586,9,0.98939,0.0046324,1,1,0
"Nucleotide excision repair",47,6.3377,2,0.99094,0.0039526,1,1,0
"Apoptosis",136,18.339,10,0.99174,0.0036003,1,1,0.012405
"SNARE interactions in vesicular transport",34,4.5847,1,0.99282,0.0031314,1,1,0
"Th17 cell differentiation",107,14.428,7,0.99293,0.0030828,1,1,0.0010073
"Measles",138,18.609,10,0.99301,0.0030449,1,1,0.0038304
"Yersinia infection",120,16.181,8,0.99437,0.0024512,1,1,0.0072368
"Mitophagy - animal",65,8.7649,3,0.9951,0.0021332,1,1,0.002551
"mRNA surveillance pathway",91,12.271,5,0.99609,0.0016998,1,1,0.0037338
"Shigellosis",67,9.0346,3,0.99613,0.0016829,1,1,0.004065
"Spliceosome",135,18.204,9,0.99627,0.001623,1,1,0
"Ubiquitin mediated proteolysis",136,18.339,9,0.99659,0.0014832,1,1,0
"T cell receptor signaling pathway",104,14.024,6,0.99671,0.0014319,1,1,0.030382
"B cell receptor signaling pathway",82,11.057,4,0.99712,0.0012524,1,1,0.034626
"Vasopressin-regulated water reabsorption",44,5.9331,1,0.99833,0.00072804,1,1,0
"RNA transport",165,22.249,11,0.99835,0.00071652,1,1,0
"Natural killer cell mediated cytotoxicity",131,17.665,7,0.99933,0.00029026,1,1,0.043709
"RIG-I-like receptor signaling pathway",70,9.4391,2,0.99955,0.00019661,1,1,0.024279
"Necroptosis",162,21.845,9,0.99971,0.00012575,1,1,0.027339
"Aminoacyl-tRNA biosynthesis",66,8.8997,1,0.99993,2.9345e-05,1,1,0.00010739
"Ribosome biogenesis in eukaryotes",105,14.159,2,1,1.7038e-06,1,1,0
"Herpes simplex virus 1 infection",491,66.209,35,1,6.7613e-07,1,1,0.0026024
"Olfactory transduction",448,60.41,6,1,0,1,1,0.016058
