"","Total","Expected","Hits","Raw p","-log10(p)","Holm adjust","FDR","Impact"
"Complement and coagulation cascades",79,11.543,37,6.6983e-12,11.174,2.2171e-09,2.2171e-09,0.073572
"Bile secretion",72,10.52,30,2.0202e-08,7.6946,6.6667e-06,3.3435e-06,0.00097125
"Protein digestion and absorption",95,13.881,34,2.0668e-07,6.6847,6.7997e-05,2.2803e-05,0
"Drug metabolism - cytochrome P450",72,10.52,27,1.2868e-06,5.8905,0.00042207,9.2285e-05,0.0057667
"Amoebiasis",102,14.904,34,1.394e-06,5.8557,0.00045585,9.2285e-05,0.00084746
"Chemical carcinogenesis",82,11.981,29,2.1347e-06,5.6707,0.00069591,0.00011776,0.00015767
"Steroid hormone biosynthesis",60,8.7668,23,5.0676e-06,5.2952,0.001647,0.00023962,0.37432
"ECM-receptor interaction",88,12.858,28,3.1139e-05,4.5067,0.010089,0.0012097,0.00014569
"Pancreatic secretion",102,14.904,31,3.2893e-05,4.4829,0.010624,0.0012097,0.0043695
"Tryptophan metabolism",42,6.1367,17,3.8042e-05,4.4197,0.01225,0.0012592,0.19635
"Tyrosine metabolism",36,5.2601,15,7.2903e-05,4.1373,0.023402,0.0021937,0.34301
"Pathways in cancer",531,77.586,108,0.00012781,3.8934,0.040898,0.0030444,0.067839
"PPAR signaling pathway",76,11.105,24,0.00012877,3.8902,0.041076,0.0030444,0.0055523
"Metabolism of xenobiotics by cytochrome P450",76,11.105,24,0.00012877,3.8902,0.041076,0.0030444,0.0074355
"Viral protein interaction with cytokine and cytokine receptor",100,14.611,29,0.00014829,3.8289,0.047006,0.0031786,0
"Histidine metabolism",23,3.3606,11,0.00015365,3.8135,0.048553,0.0031786,0.097832
"Nitrogen metabolism",17,2.4839,9,0.0002359,3.6273,0.074309,0.0045932,0.0057971
"TGF-beta signaling pathway",94,13.735,27,0.00029458,3.5308,0.092497,0.0054169,0.026899
"Arachidonic acid metabolism",63,9.2051,20,0.00042549,3.3711,0.13318,0.0074124,0.37141
"Cholesterol metabolism",50,7.3056,17,0.0004639,3.3336,0.14474,0.0076775,7.0028e-05
"Renin secretion",69,10.082,21,0.00058289,3.2344,0.18128,0.0091875,0.014286
"Proteoglycans in cancer",204,29.807,47,0.00076479,3.1165,0.23709,0.010931,0.0055486
"Renin-angiotensin system",23,3.3606,10,0.00079259,3.101,0.24491,0.010931,0
"Proximal tubule bicarbonate reclamation",23,3.3606,10,0.00079259,3.101,0.24491,0.010931,0
"Serotonergic synapse",115,16.803,30,0.00084435,3.0735,0.25922,0.011179,0.0061605
"Retinol metabolism",67,9.7896,20,0.0010248,2.9894,0.31359,0.013046,0.1835
"ABC transporters",45,6.5751,15,0.0012463,2.9044,0.38014,0.015279,0
"Bladder cancer",41,5.9906,14,0.0013799,2.8602,0.41949,0.015371,0.0080645
"Cytokine-cytokine receptor interaction",294,42.957,62,0.0014111,2.8504,0.42757,0.015371,0
"Phenylalanine metabolism",17,2.4839,8,0.0014396,2.8418,0.43475,0.015371,0.01966
"Primary bile acid biosynthesis",17,2.4839,8,0.0014396,2.8418,0.43475,0.015371,0.3136
"African trypanosomiasis",37,5.4062,13,0.001508,2.8216,0.45239,0.015598,0.0015873
"PI3K-Akt signaling pathway",354,51.724,72,0.0017022,2.769,0.50895,0.017073,0.27072
"AGE-RAGE signaling pathway in diabetic complications",100,14.611,26,0.0019184,2.7171,0.57167,0.018676,0.037752
"Glycosphingolipid biosynthesis - lacto and neolacto series",27,3.945,10,0.0033598,2.4737,0.99785,0.031382,0.19142
"Pantothenate and CoA biosynthesis",19,2.7761,8,0.0034132,2.4668,1,0.031382,0.22154
"Thyroid hormone synthesis",74,10.812,20,0.0037947,2.4208,1,0.033947,0.006495
"Fat digestion and absorption",41,5.9906,13,0.0042474,2.3719,1,0.036534,0
"Salivary secretion",90,13.15,23,0.0043047,2.3661,1,0.036534,0.017805
"Aldosterone-regulated sodium reabsorption",37,5.4062,12,0.0048303,2.316,1,0.039971,0.085979
"Chemokine signaling pathway",189,27.615,41,0.0051375,2.2893,1,0.041476,0.13926
"IL-17 signaling pathway",94,13.735,23,0.0075809,2.1203,1,0.059745,0.00099875
"EGFR tyrosine kinase inhibitor resistance",79,11.543,20,0.0083329,2.0792,1,0.064144,0.29798
"Maturity onset diabetes of the young",26,3.7989,9,0.0088309,2.054,1,0.066432,0.011586
"Glycine, serine and threonine metabolism",40,5.8445,12,0.0095944,2.018,1,0.070572,0.4121
"Gastric acid secretion",75,10.958,19,0.0099026,2.0043,1,0.070803,0.018854
"beta-Alanine metabolism",31,4.5295,10,0.010195,1.9916,1,0.070803,0.36276
"Signaling pathways regulating pluripotency of stem cells",140,20.456,31,0.010268,1.9885,1,0.070803,0.01052
"Prostate cancer",97,14.173,23,0.01119,1.9512,1,0.075591,0.051296
"Cell adhesion molecules (CAMs)",147,21.479,32,0.011844,1.9265,1,0.07841,7.1469e-05
"Rheumatoid arthritis",93,13.589,22,0.013275,1.877,1,0.086159,0
"Adrenergic signaling in cardiomyocytes",149,21.771,32,0.014381,1.8422,1,0.091534,0.053521
"Carbohydrate digestion and absorption",47,6.8673,13,0.014656,1.834,1,0.091534,0.0040984
"Mineral absorption",58,8.4746,15,0.017101,1.767,1,0.10482,0.00014006
"Staphylococcus aureus infection",96,14.027,22,0.019033,1.7205,1,0.11454,0.0083056
"Ovarian steroidogenesis",49,7.1595,13,0.02072,1.6836,1,0.12247,0.0085601
"Gastric cancer",149,21.771,31,0.024202,1.6162,1,0.13697,0.017228
"Caffeine metabolism",5,0.73056,3,0.024715,1.607,1,0.13697,0.047126
"D-Glutamine and D-glutamate metabolism",5,0.73056,3,0.024715,1.607,1,0.13697,0.054167
"Arginine biosynthesis",21,3.0684,7,0.025035,1.6015,1,0.13697,0.36933
"Estrogen signaling pathway",138,20.164,29,0.025243,1.5979,1,0.13697,0.11825
"Arrhythmogenic right ventricular cardiomyopathy (ARVC)",77,11.251,18,0.026471,1.5772,1,0.1405,0
"Gap junction",88,12.858,20,0.026742,1.5728,1,0.1405,0.05279
"cAMP signaling pathway",216,31.56,42,0.029405,1.5316,1,0.15064,0.35219
"Alanine, aspartate and glutamate metabolism",36,5.2601,10,0.029581,1.529,1,0.15064,0.15339
"Focal adhesion",199,29.076,39,0.031192,1.506,1,0.15643,0.60973
"Hypertrophic cardiomyopathy (HCM)",90,13.15,20,0.033386,1.4764,1,0.16358,0.0014493
"Drug metabolism - other enzymes",79,11.543,18,0.033605,1.4736,1,0.16358,0.10283
"Fatty acid elongation",27,3.945,8,0.034382,1.4637,1,0.16491,0.0092502
"Dilated cardiomyopathy (DCM)",96,14.027,21,0.034875,1.4575,1,0.16491,0.016189
"Phospholipase D signaling pathway",148,21.625,30,0.036247,1.4407,1,0.16898,0.18169
"Central carbon metabolism in cancer",69,10.082,16,0.037575,1.4251,1,0.17274,0.010311
"Glutamatergic synapse",114,16.657,24,0.03844,1.4152,1,0.17429,0.10497
"GnRH secretion",64,9.3512,15,0.039641,1.4019,1,0.17731,0.15079
"Hematopoietic cell lineage",98,14.319,21,0.042645,1.3701,1,0.18821,0
"Long-term depression",60,8.7668,14,0.047404,1.3242,1,0.20398,0.058454
"Neuroactive ligand-receptor interaction",340,49.678,61,0.047453,1.3237,1,0.20398,0
"Inflammatory mediator regulation of TRP channels",100,14.611,21,0.051606,1.2873,1,0.219,0.018003
"Arginine and proline metabolism",50,7.3056,12,0.052618,1.2789,1,0.22046,0.1017
"Wnt signaling pathway",160,23.378,31,0.057533,1.2401,1,0.23804,0.076031
"Prion diseases",35,5.114,9,0.059596,1.2248,1,0.24353,0
"Rap1 signaling pathway",210,30.684,39,0.064128,1.193,1,0.25886,0.014638
"Vascular smooth muscle contraction",132,19.287,26,0.065365,1.1847,1,0.26067,0.076258
"Starch and sucrose metabolism",36,5.2601,9,0.069601,1.1574,1,0.27426,0.25659
"Small cell lung cancer",92,13.442,19,0.071191,1.1476,1,0.27474,0.056667
"Antifolate resistance",31,4.5295,8,0.072213,1.1414,1,0.27474,0
"Mucin type O-glycan biosynthesis",31,4.5295,8,0.072213,1.1414,1,0.27474,0.23611
"Phosphatidylinositol signaling system",99,14.465,20,0.078845,1.1032,1,0.29656,0.74724
"Hippo signaling pathway",154,22.501,29,0.08659,1.0625,1,0.32204,0.0082508
"Regulation of lipolysis in adipocytes",55,8.0362,12,0.096496,1.0155,1,0.35489,0.020904
"Fatty acid degradation",44,6.429,10,0.09879,1.0053,1,0.35678,0.62677
"Calcium signaling pathway",193,28.2,35,0.099164,1.0036,1,0.35678,0.03885
"Butanoate metabolism",28,4.0912,7,0.10313,0.98663,1,0.36704,0.13533
"Glutathione metabolism",56,8.1823,12,0.10733,0.96928,1,0.37793,0.23815
"Pathogenic Escherichia coli infection",201,29.369,36,0.10935,0.96118,1,0.381,0.014581
"Glycolysis or Gluconeogenesis",68,9.9357,14,0.11237,0.94936,1,0.38744,0.80627
"Insulin secretion",86,12.566,17,0.11595,0.93574,1,0.39566,0.055294
"Linoleic acid metabolism",29,4.2373,7,0.11969,0.92194,1,0.40116,0.078841
"Breast cancer",147,21.479,27,0.11998,0.92088,1,0.40116,0.02416
"Basal cell carcinoma",63,9.2051,13,0.12127,0.91623,1,0.40141,0.11667
"Relaxin signaling pathway",129,18.849,24,0.12284,0.91066,1,0.40257,0.12759
"Vitamin digestion and absorption",24,3.5067,6,0.12663,0.89746,1,0.41093,0
"TNF signaling pathway",112,16.365,21,0.13371,0.87383,1,0.42557,0.0036512
"Leukocyte transendothelial migration",112,16.365,21,0.13371,0.87383,1,0.42557,0.01895
"Apelin signaling pathway",137,20.017,25,0.13785,0.86058,1,0.43457,0.069009
"Thyroid hormone signaling pathway",119,17.387,22,0.14172,0.84856,1,0.43859,0.029021
"Endocrine and other factor-regulated calcium reabsorption",53,7.744,11,0.14178,0.84838,1,0.43859,0.0061688
"Melanogenesis",101,14.757,19,0.14479,0.83927,1,0.44149,0.028541
"Tight junction",169,24.693,30,0.14538,0.83748,1,0.44149,0.010107
"Fluid shear stress and atherosclerosis",139,20.31,25,0.15492,0.8099,1,0.46616,0.0077198
"One carbon pool by folate",20,2.9223,5,0.15681,0.80463,1,0.46743,0.21172
"p53 signaling pathway",72,10.52,14,0.15839,0.80026,1,0.46743,0.00011655
"Phagosome",152,22.209,27,0.15957,0.79704,1,0.46743,0
"Glycosphingolipid biosynthesis - globo and isoglobo series",15,2.1917,4,0.16534,0.78161,1,0.4765,0.47948
"Type I diabetes mellitus",43,6.2829,9,0.1668,0.7778,1,0.4765,0
"Circadian entrainment",97,14.173,18,0.16699,0.77731,1,0.4765,0.0793
"Synthesis and degradation of ketone bodies",10,1.4611,3,0.1697,0.77031,1,0.4801,0.48889
"Glycerolipid metabolism",61,8.9129,12,0.17151,0.76571,1,0.48111,0.19363
"Choline metabolism in cancer",98,14.319,18,0.17831,0.74881,1,0.49326,0.026125
"Transcriptional misregulation in cancer",186,27.177,32,0.18068,0.7431,1,0.49326,0
"cGMP-PKG signaling pathway",167,24.401,29,0.18071,0.74301,1,0.49326,0.2695
"Colorectal cancer",86,12.566,16,0.18181,0.74039,1,0.49326,0.027089
"Inositol phosphate metabolism",74,10.812,14,0.18461,0.73375,1,0.49679,0.57593
"Platelet activation",124,18.118,22,0.19091,0.71917,1,0.5096,0.19687
"Regulation of actin cytoskeleton",213,31.122,36,0.19299,0.71446,1,0.51104,0.16395
"Glioma",75,10.958,14,0.19845,0.70234,1,0.51539,0.085616
"FoxO signaling pathway",131,19.141,23,0.19855,0.70213,1,0.51539,0.015538
"Parathyroid hormone synthesis, secretion and action",106,15.488,19,0.19931,0.70048,1,0.51539,0.020476
"Vitamin B6 metabolism",6,0.87668,2,0.21438,0.66881,1,0.55008,0.012146
"Cellular senescence",160,23.378,27,0.23613,0.62685,1,0.60122,0.030909
"Platinum drug resistance",73,10.666,13,0.26287,0.58026,1,0.66391,0.016871
"Cell cycle",124,18.118,21,0.26478,0.57711,1,0.66391,0.1541
"Long-term potentiation",67,9.7896,12,0.26762,0.57248,1,0.66391,0.72258
"Cardiac muscle contraction",86,12.566,15,0.26877,0.57062,1,0.66391,0.0083056
"Glucagon signaling pathway",106,15.488,18,0.28138,0.55071,1,0.68137,0.01866
"Malaria",49,7.1595,9,0.28202,0.54973,1,0.68137,0
"Cysteine and methionine metabolism",49,7.1595,9,0.28202,0.54973,1,0.68137,0.40156
"AMPK signaling pathway",120,17.534,20,0.29671,0.52766,1,0.71168,0.056623
"Adipocytokine signaling pathway",69,10.082,12,0.3031,0.51841,1,0.72177,0.035437
"Insulin resistance",108,15.78,18,0.30996,0.5087,1,0.73283,0.013725
"Oocyte meiosis",128,18.702,21,0.31699,0.49896,1,0.73882,0.068207
"Epithelial cell signaling in Helicobacter pylori infection",70,10.228,12,0.3213,0.49309,1,0.73882,0.0098722
"Prolactin signaling pathway",70,10.228,12,0.3213,0.49309,1,0.73882,0.11418
"Axon guidance",181,26.446,29,0.32406,0.48937,1,0.73882,0.0030307
"HIF-1 signaling pathway",109,15.926,18,0.32456,0.48871,1,0.73882,0.071213
"Hepatocellular carcinoma",168,24.547,27,0.32588,0.48694,1,0.73882,0.014631
"Riboflavin metabolism",8,1.1689,2,0.3305,0.48083,1,0.74419,0.025362
"Endometrial cancer",58,8.4746,10,0.33749,0.47173,1,0.7548,0.031401
"Human papillomavirus infection",330,48.217,51,0.35262,0.45269,1,0.77679,0.015684
"Endocrine resistance",98,14.319,16,0.3561,0.44842,1,0.77679,0.1028
"ErbB signaling pathway",85,12.42,14,0.35756,0.44665,1,0.77679,0.1526
"Melanoma",72,10.52,12,0.35837,0.44567,1,0.77679,0.035985
"Ascorbate and aldarate metabolism",27,3.945,5,0.35906,0.44483,1,0.77679,0.0025399
"Ferroptosis",40,5.8445,7,0.36622,0.43626,1,0.7864,0
"Non-small cell lung cancer",66,9.6435,11,0.36825,0.43385,1,0.7864,0.038636
"Progesterone-mediated oocyte maturation",99,14.465,16,0.37215,0.42928,1,0.78964,0.042308
"Pentose and glucuronate interconversions",34,4.9678,6,0.37749,0.42309,1,0.79082,0.028753
"Propanoate metabolism",34,4.9678,6,0.37749,0.42309,1,0.79082,0.082758
"GnRH signaling pathway",93,13.589,15,0.38187,0.41808,1,0.79432,0.14246
"Salmonella infection",80,11.689,13,0.38508,0.41445,1,0.79432,0.002551
"Oxytocin signaling pathway",153,22.355,24,0.38636,0.41301,1,0.79432,0.042456
"Graft-versus-host disease",41,5.9906,7,0.39166,0.40709,1,0.80025,0
"Valine, leucine and isoleucine degradation",48,7.0134,8,0.40308,0.39461,1,0.81851,0.67274
"Hepatitis C",155,22.648,24,0.41265,0.38442,1,0.83284,0.0081615
"Porphyrin and chlorophyll metabolism",42,6.1367,7,0.41712,0.37974,1,0.83677,0.017656
"NF-kappa B signaling pathway",102,14.904,16,0.42083,0.3759,1,0.83912,0.046429
"Intestinal immune network for IgA production",49,7.1595,8,0.4267,0.36988,1,0.84145,0
"Longevity regulating pathway",89,13.004,14,0.42711,0.36946,1,0.84145,0.26345
"Pertussis",76,11.105,12,0.43397,0.36254,1,0.84145,0.00051215
"Pancreatic cancer",76,11.105,12,0.43397,0.36254,1,0.84145,0.024906
"Legionellosis",56,8.1823,9,0.43471,0.3618,1,0.84145,0
"Peroxisome",83,12.127,13,0.43955,0.35699,1,0.84587,0
"Hedgehog signaling pathway",50,7.3056,8,0.45023,0.34656,1,0.84728,0.01039
"Glyoxylate and dicarboxylate metabolism",30,4.3834,5,0.4514,0.34544,1,0.84728,0.025862
"Citrate cycle (TCA cycle)",30,4.3834,5,0.4514,0.34544,1,0.84728,0.30735
"Human T-cell leukemia virus 1 infection",219,31.999,33,0.45277,0.34413,1,0.84728,0.012821
"Dopaminergic synapse",131,19.141,20,0.45308,0.34383,1,0.84728,0.029147
"Pyrimidine metabolism",57,8.3284,9,0.45676,0.34031,1,0.84937,0.53805
"Selenocompound metabolism",17,2.4839,3,0.4619,0.33545,1,0.85413,0.027003
"MAPK signaling pathway",295,43.103,44,0.46616,0.33146,1,0.85667,0.044838
"Valine, leucine and isoleucine biosynthesis",4,0.58445,1,0.46845,0.32934,1,0.85667,0.0061538
"Asthma",31,4.5295,5,0.4815,0.31741,1,0.8709,0
"Galactose metabolism",31,4.5295,5,0.4815,0.31741,1,0.8709,0.099083
"Ubiquinone and other terpenoid-quinone biosynthesis",11,1.6072,2,0.49296,0.30719,1,0.882,0.0028728
"Taurine and hypotaurine metabolism",11,1.6072,2,0.49296,0.30719,1,0.882,0.0098522
"Retrograde endocannabinoid signaling",148,21.625,22,0.50097,0.30019,1,0.88923,0.0097533
"Cushing syndrome",155,22.648,23,0.50306,0.29838,1,0.88923,0.0086582
"JAK-STAT signaling pathway",162,23.67,24,0.50506,0.29665,1,0.88923,0.57937
"Acute myeloid leukemia",67,9.7896,10,0.52386,0.28078,1,0.91745,0.055851
"Alzheimer disease",171,24.985,25,0.5325,0.27368,1,0.91765,0.00045228
"Folate biosynthesis",26,3.7989,4,0.53951,0.268,1,0.91765,0.01057
"Glycosaminoglycan biosynthesis - heparan sulfate / heparin",19,2.7761,3,0.5398,0.26777,1,0.91765,0
"Steroid biosynthesis",19,2.7761,3,0.5398,0.26777,1,0.91765,0.0012098
"Ether lipid metabolism",47,6.8673,7,0.54116,0.26667,1,0.91765,0.10797
"Amphetamine addiction",68,9.9357,10,0.54386,0.26451,1,0.91765,0.0016804
"MicroRNAs in cancer",310,45.295,45,0.54489,0.26369,1,0.91765,0
"Neomycin, kanamycin and gentamicin biosynthesis",5,0.73056,1,0.54615,0.26268,1,0.91765,7.1715e-05
"Longevity regulating pathway - multiple species",62,9.059,9,0.56368,0.24897,1,0.94231,0.10958
"Collecting duct acid secretion",27,3.945,4,0.57089,0.24344,1,0.94685,0
"Glycosaminoglycan biosynthesis - chondroitin sulfate / dermatan sulfate",20,2.9223,3,0.57623,0.2394,1,0.94685,0.014113
"Cholinergic synapse",112,16.365,16,0.58048,0.23621,1,0.94685,0.048087
"Sphingolipid signaling pathway",119,17.387,17,0.5805,0.2362,1,0.94685,0.024058
"Aldosterone synthesis and secretion",98,14.319,14,0.5807,0.23605,1,0.94685,0.025362
"Non-homologous end-joining",13,1.8995,2,0.58651,0.23173,1,0.94899,0
"Cocaine addiction",49,7.1595,7,0.58774,0.23081,1,0.94899,0.00061728
"Human cytomegalovirus infection",225,32.875,32,0.5961,0.22468,1,0.95365,0.017203
"Ras signaling pathway",232,33.898,33,0.59639,0.22447,1,0.95365,0.039876
"Non-alcoholic fatty liver disease (NAFLD)",149,21.771,21,0.60751,0.21645,1,0.96676,0.0095238
"Fc gamma R-mediated phagocytosis",93,13.589,13,0.6141,0.21176,1,0.97257,0.084578
"Hippo signaling pathway - multiple species",29,4.2373,4,0.62987,0.20075,1,0.9912,0.0083056
"Amyotrophic lateral sclerosis (ALS)",51,7.4518,7,0.63185,0.19939,1,0.9912,0.0038435
"Thyroid cancer",37,5.4062,5,0.64607,0.18972,1,1,0.013333
"Glycosphingolipid biosynthesis - ganglio series",15,2.1917,2,0.66662,0.17612,1,1,0.12492
"Allograft rejection",38,5.5523,5,0.67008,0.17388,1,1,0
"Protein export",23,3.3606,3,0.67405,0.17131,1,1,0
"Mannose type O-glycan biosynthesis",23,3.3606,3,0.67405,0.17131,1,1,0.039894
"Fc epsilon RI signaling pathway",68,9.9357,9,0.67846,0.16848,1,1,0.02935
"Circadian rhythm",31,4.5295,4,0.68338,0.16534,1,1,0
"Toxoplasmosis",112,16.365,15,0.68386,0.16503,1,1,0.018579
"Taste transduction",83,12.127,11,0.68457,0.16458,1,1,0.00020121
"Chronic myeloid leukemia",76,11.105,10,0.68969,0.16135,1,1,0.035859
"Renal cell carcinoma",69,10.082,9,0.69569,0.15758,1,1,0.010965
"Osteoclast differentiation",128,18.702,17,0.70372,0.1526,1,1,0.050029
"Nicotine addiction",40,5.8445,5,0.71478,0.14582,1,1,0
"Synaptic vesicle cycle",78,11.397,10,0.72129,0.14189,1,1,0
"Insulin signaling pathway",137,20.017,18,0.72457,0.13992,1,1,0.14079
"Adherens junction",71,10.374,9,0.72838,0.13764,1,1,0.021622
"alpha-Linolenic acid metabolism",25,3.6528,3,0.72938,0.13705,1,1,0.00094268
"Fructose and mannose metabolism",33,4.8217,4,0.7312,0.13596,1,1,0.084553
"Inflammatory bowel disease (IBD)",65,9.4973,8,0.75262,0.12343,1,1,0.0042306
"Cortisol synthesis and secretion",65,9.4973,8,0.75262,0.12343,1,1,0.014904
"Vibrio cholerae infection",50,7.3056,6,0.75862,0.11998,1,1,0.0079365
"N-Glycan biosynthesis",50,7.3056,6,0.75862,0.11998,1,1,0.10227
"Fatty acid biosynthesis",18,2.63,2,0.76272,0.11763,1,1,0.01196
"C-type lectin receptor signaling pathway",104,15.196,13,0.77011,0.11345,1,1,0.0035366
"Toll-like receptor signaling pathway",104,15.196,13,0.77011,0.11345,1,1,0.023833
"GABAergic synapse",89,13.004,11,0.77049,0.11323,1,1,0.0074675
"Growth hormone synthesis, secretion and action",119,17.387,15,0.77096,0.11297,1,1,0.053763
"Huntington disease",193,28.2,25,0.77446,0.111,1,1,0.0013169
"Epstein-Barr virus infection",201,29.369,26,0.78046,0.10765,1,1,0.0027646
"Glycosaminoglycan degradation",19,2.7761,2,0.78895,0.10295,1,1,0.0045483
"Phototransduction",28,4.0912,3,0.79817,0.097902,1,1,0.0023127
"Autoimmune thyroid disease",53,7.744,6,0.80663,0.093326,1,1,0
"Nicotinate and nicotinamide metabolism",37,5.4062,4,0.81019,0.091414,1,1,0.027793
"mTOR signaling pathway",153,22.355,19,0.81221,0.090334,1,1,0.11855
"Hepatitis B",162,23.67,20,0.82504,0.083523,1,1,0.0033235
"Influenza A",170,24.839,21,0.82915,0.081364,1,1,0.012239
"Chagas disease (American trypanosomiasis)",102,14.904,12,0.83119,0.0803,1,1,0.019597
"Cytosolic DNA-sensing pathway",63,9.2051,7,0.83348,0.079104,1,1,0.016129
"Oxidative phosphorylation",133,19.433,16,0.83478,0.078428,1,1,0
"RNA degradation",79,11.543,9,0.83492,0.078354,1,1,0
"Kaposi sarcoma-associated herpesvirus infection",186,27.177,23,0.83705,0.077247,1,1,0.0079175
"Thermogenesis",231,33.752,29,0.83971,0.075871,1,1,0.085439
"Pyruvate metabolism",39,5.6984,4,0.84195,0.074713,1,1,0.099903
"Parkinson disease",142,20.748,17,0.84629,0.07248,1,1,0
"RNA polymerase",31,4.5295,3,0.85169,0.069719,1,1,0
"Terpenoid backbone biosynthesis",22,3.2145,2,0.85286,0.069121,1,1,0.022739
"NOD-like receptor signaling pathway",181,26.446,22,0.85469,0.06819,1,1,0.010216
"Bacterial invasion of epithelial cells",73,10.666,8,0.8557,0.067677,1,1,0.014396
"Apoptosis",136,19.871,16,0.85909,0.065964,1,1,0.030183
"Apoptosis - multiple species",32,4.6756,3,0.86655,0.062205,1,1,0.010417
"Homologous recombination",41,5.9906,4,0.86912,0.06092,1,1,0.0025641
"Mismatch repair",23,3.3606,2,0.86989,0.060534,1,1,0
"Purine metabolism",130,18.995,15,0.87187,0.05955,1,1,0.32959
"Morphine addiction",91,13.296,10,0.8742,0.05839,1,1,0.0040404
"Shigellosis",67,9.7896,7,0.87697,0.057016,1,1,0.011034
"VEGF signaling pathway",59,8.6207,6,0.87998,0.055525,1,1,0.039773
"Leishmaniasis",76,11.105,8,0.88412,0.053488,1,1,0.012121
"Viral myocarditis",60,8.7668,6,0.8896,0.050807,1,1,0.0028409
"Lysine degradation",61,8.9129,6,0.89855,0.04646,1,1,0.054625
"Proteasome",45,6.5751,4,0.91158,0.040204,1,1,0
"DNA replication",36,5.2601,3,0.91364,0.039224,1,1,0
"Type II diabetes mellitus",46,6.7212,4,0.92007,0.03618,1,1,0.036559
"Viral carcinogenesis",201,29.369,23,0.92134,0.035578,1,1,0
"Pentose phosphate pathway",30,4.3834,2,0.94664,0.023813,1,1,0.03789
"Yersinia infection",120,17.534,12,0.94801,0.023186,1,1,0.010965
"Tuberculosis",179,26.154,19,0.9542,0.020362,1,1,0.0064818
"Glycerophospholipid metabolism",97,14.173,9,0.95669,0.019228,1,1,0.18384
"Human immunodeficiency virus 1 infection",212,30.976,23,0.95703,0.019076,1,1,0.0072663
"Various types of N-glycan biosynthesis",20,2.9223,1,0.95771,0.018765,1,1,0
"Autophagy - other",32,4.6756,2,0.95897,0.018195,1,1,0.002381
"PD-L1 expression and PD-1 checkpoint pathway in cancer",89,13.004,8,0.95919,0.018095,1,1,0.042484
"Th17 cell differentiation",107,15.634,10,0.96126,0.01716,1,1,0.0010073
"Base excision repair",33,4.8217,2,0.96406,0.015897,1,1,0
"B cell receptor signaling pathway",82,11.981,7,0.96549,0.015254,1,1,0.054966
"Fanconi anemia pathway",54,7.8901,4,0.96559,0.015206,1,1,0.068309
"Vasopressin-regulated water reabsorption",44,6.429,3,0.96563,0.015191,1,1,0
"Neurotrophin signaling pathway",119,17.387,11,0.9704,0.013051,1,1,0.14559
"Glycosylphosphatidylinositol (GPI)-anchor biosynthesis",23,3.3606,1,0.97371,0.011571,1,1,0
"Measles",138,20.164,13,0.97437,0.011277,1,1,0.0043412
"Sphingolipid metabolism",47,6.8673,3,0.97601,0.010545,1,1,0.33271
"Amino sugar and nucleotide sugar metabolism",48,7.0134,3,0.97875,0.0093269,1,1,0.018098
"Primary immunodeficiency",38,5.5523,2,0.98164,0.0080473,1,1,0
"Ribosome",153,22.355,14,0.98431,0.0068675,1,1,0
"Autophagy - animal",137,20.017,12,0.98599,0.0061274,1,1,0.1069
"Th1 and Th2 cell differentiation",92,13.442,7,0.98659,0.0058628,1,1,0
"Endocytosis",249,36.382,25,0.98796,0.0052624,1,1,0
"Notch signaling pathway",53,7.744,3,0.98853,0.0050084,1,1,0
"Lysosome",123,17.972,10,0.98999,0.0043693,1,1,0
"Systemic lupus erythematosus",133,19.433,11,0.99076,0.0040304,1,1,0.00037707
"Antigen processing and presentation",78,11.397,5,0.99261,0.0032227,1,1,0.019915
"Basal transcription factors",45,6.5751,2,0.99299,0.0030551,1,1,0
"Protein processing in endoplasmic reticulum",166,24.255,14,0.99448,0.0024052,1,1,0.00017969
"RIG-I-like receptor signaling pathway",70,10.228,4,0.9945,0.0023936,1,1,0.038377
"Alcoholism",184,26.885,16,0.9946,0.0023508,1,1,0.0035354
"Nucleotide excision repair",47,6.8673,2,0.9947,0.0023093,1,1,0
"SNARE interactions in vesicular transport",34,4.9678,1,0.9954,0.0020003,1,1,0
"T cell receptor signaling pathway",104,15.196,7,0.99603,0.001729,1,1,0.056539
"Mitophagy - animal",65,9.4973,3,0.99753,0.0010723,1,1,0.002551
"mRNA surveillance pathway",91,13.296,5,0.99834,0.00072185,1,1,0.0037338
"Spliceosome",135,19.725,9,0.99874,0.00054859,1,1,0
"RNA transport",165,24.109,12,0.99884,0.00050608,1,1,0
"Ubiquitin mediated proteolysis",136,19.871,9,0.99886,0.00049497,1,1,0
"Natural killer cell mediated cytotoxicity",131,19.141,7,0.9998,8.7088e-05,1,1,0.043709
"Necroptosis",162,23.67,9,0.99993,2.9945e-05,1,1,0.027339
"Aminoacyl-tRNA biosynthesis",66,9.6435,1,0.99997,1.23e-05,1,1,0.00010739
"Ribosome biogenesis in eukaryotes",105,15.342,2,1,4.6489e-07,1,1,0
"Herpes simplex virus 1 infection",491,71.741,38,1,2.5025e-07,1,1,0.0031807
"Olfactory transduction",448,65.459,6,1,0,1,1,0.016058
