"","Total","Expected","Hits","Raw p","-log10(p)","Holm adjust","FDR","Impact"
"Complement and coagulation cascades",79,9.1223,33,6.5254e-12,11.185,2.1599e-09,2.1599e-09,0.072893
"Amoebiasis",102,11.778,32,6.0593e-08,7.2176,1.9996e-05,1.0028e-05,0.00084746
"Drug metabolism - cytochrome P450",72,8.314,24,7.9435e-07,6.1,0.00026134,8.7643e-05,0.0052225
"Chemical carcinogenesis",82,9.4687,24,1.0441e-05,4.9812,0.0034248,0.00075194,0.00010033
"Bile secretion",72,8.314,22,1.1359e-05,4.9447,0.0037143,0.00075194,0.00043706
"Nitrogen metabolism",17,1.963,9,3.603e-05,4.4433,0.011746,0.0019876,0.0057971
"Metabolism of xenobiotics by cytochrome P450",76,8.7759,21,9.363e-05,4.0286,0.03043,0.0044273,0.0068514
"Histidine metabolism",23,2.6559,10,0.00011171,3.9519,0.036192,0.0046218,0.097832
"Tryptophan metabolism",42,4.8498,14,0.0001592,3.798,0.051423,0.0058551,0.16152
"Proteoglycans in cancer",204,23.556,41,0.0002413,3.6174,0.0777,0.0079872,0.005959
"Steroid hormone biosynthesis",60,6.9283,17,0.00030826,3.5111,0.098952,0.0092759,0.354
"ABC transporters",45,5.1963,14,0.00036071,3.4428,0.11543,0.0097676,0
"Protein digestion and absorption",95,10.97,23,0.00038362,3.4161,0.12238,0.0097676,0
"Tyrosine metabolism",36,4.157,12,0.00046605,3.3316,0.1482,0.011019,0.34275
"Pathways in cancer",531,61.316,86,0.00055644,3.2546,0.17639,0.012279,0.063759
"Renin-angiotensin system",23,2.6559,9,0.00063609,3.1965,0.201,0.013159,0
"PPAR signaling pathway",76,8.7759,19,0.00079156,3.1015,0.24934,0.015412,0.0055523
"Arachidonic acid metabolism",63,7.2748,16,0.0016784,2.7751,0.52702,0.030864,0.22088
"ECM-receptor interaction",88,10.162,20,0.0020658,2.6849,0.64659,0.035988,0.00014569
"Glycosphingolipid biosynthesis - lacto and neolacto series",27,3.1178,9,0.002382,2.6231,0.74318,0.038715,0.17124
"Cell adhesion molecules (CAMs)",147,16.974,29,0.0025188,2.5988,0.78336,0.038715,5.7176e-05
"Pancreatic secretion",102,11.778,22,0.0025732,2.5895,0.79769,0.038715,0.0036205
"Phospholipase D signaling pathway",148,17.09,29,0.0027975,2.5532,0.86443,0.04026,0.20543
"PI3K-Akt signaling pathway",354,40.877,58,0.0033501,2.4749,1,0.046203,0.27072
"AGE-RAGE signaling pathway in diabetic complications",100,11.547,21,0.0044448,2.3521,1,0.05885,0.037313
"TGF-beta signaling pathway",94,10.854,20,0.0046489,2.3327,1,0.058878,0.025633
"Cytokine-cytokine receptor interaction",294,33.949,49,0.0048028,2.3185,1,0.058878,0
"beta-Alanine metabolism",31,3.5796,9,0.0067077,2.1734,1,0.079294,0.30511
"EGFR tyrosine kinase inhibitor resistance",79,9.1223,17,0.0077312,2.1118,1,0.088242,0.29328
"Retinol metabolism",67,7.7366,15,0.0082516,2.0835,1,0.091043,0.12988
"Phenylalanine metabolism",17,1.963,6,0.0093817,2.0277,1,0.095702,0.019464
"Viral protein interaction with cytokine and cytokine receptor",100,11.547,20,0.0094641,2.0239,1,0.095702,0
"Chemokine signaling pathway",189,21.824,33,0.0095413,2.0204,1,0.095702,0.13951
"Cholesterol metabolism",50,5.7736,12,0.0098894,2.0048,1,0.096277,7.0028e-05
"GnRH secretion",64,7.3902,14,0.012899,1.8894,1,0.12199,0.15079
"Prion diseases",35,4.0415,9,0.015424,1.8118,1,0.13746,0
"Fat digestion and absorption",41,4.7344,10,0.01591,1.7983,1,0.13746,0
"Bladder cancer",41,4.7344,10,0.01591,1.7983,1,0.13746,0.0080645
"Leukocyte transendothelial migration",112,12.933,21,0.016373,1.7859,1,0.13746,0.02652
"Pantothenate and CoA biosynthesis",19,2.194,6,0.016821,1.7742,1,0.13746,0.21051
"Signaling pathways regulating pluripotency of stem cells",140,16.166,25,0.017027,1.7689,1,0.13746,0.0075742
"Thyroid hormone synthesis",74,8.5449,15,0.020289,1.6927,1,0.15546,0.006495
"Ovarian steroidogenesis",49,5.6581,11,0.021598,1.6656,1,0.15546,0.0085601
"Serotonergic synapse",115,13.279,21,0.021632,1.6649,1,0.15546,0.0059385
"African trypanosomiasis",37,4.2725,9,0.022045,1.6567,1,0.15546,0.0015873
"Aldosterone-regulated sodium reabsorption",37,4.2725,9,0.022045,1.6567,1,0.15546,0.085979
"Gap junction",88,10.162,17,0.022075,1.6561,1,0.15546,0.05279
"Estrogen signaling pathway",138,15.935,24,0.025669,1.5906,1,0.17701,0.11825
"Prostate cancer",97,11.201,18,0.027529,1.5602,1,0.18596,0.051163
"Fatty acid elongation",27,3.1178,7,0.029899,1.5243,1,0.19617,0.0092502
"Hematopoietic cell lineage",98,11.316,18,0.030225,1.5196,1,0.19617,0
"Focal adhesion",199,22.979,32,0.031931,1.4958,1,0.20325,0.6835
"Glycine, serine and threonine metabolism",40,4.6189,9,0.035455,1.4503,1,0.21022,0.33188
"Colorectal cancer",86,9.9306,16,0.035553,1.4491,1,0.21022,0.027644
"Rheumatoid arthritis",93,10.739,17,0.035979,1.444,1,0.21022,0
"Butanoate metabolism",28,3.2332,7,0.036027,1.4434,1,0.21022,0.13533
"Inflammatory mediator regulation of TRP channels",100,11.547,18,0.036201,1.4413,1,0.21022,0.018003
"Primary bile acid biosynthesis",17,1.963,5,0.038428,1.4154,1,0.21732,0.28783
"Long-term depression",60,6.9283,12,0.039103,1.4078,1,0.21732,0.055556
"IL-17 signaling pathway",94,10.854,17,0.039392,1.4046,1,0.21732,0
"Proximal tubule bicarbonate reclamation",23,2.6559,6,0.042013,1.3766,1,0.22797,0
"FoxO signaling pathway",131,15.127,22,0.044666,1.35,1,0.23846,0.015538
"Gastric acid secretion",75,8.6604,14,0.046097,1.3363,1,0.24219,0.017345
"Staphylococcus aureus infection",96,11.085,17,0.046912,1.3287,1,0.24262,0.0083056
"Alanine, aspartate and glutamate metabolism",36,4.157,8,0.049169,1.3083,1,0.24659,0.13525
"Starch and sucrose metabolism",36,4.157,8,0.049169,1.3083,1,0.24659,0.19837
"Renin secretion",69,7.9676,13,0.050027,1.3008,1,0.24715,0.013636
"Glutathione metabolism",56,6.4664,11,0.052676,1.2784,1,0.2562,0.23815
"Type I diabetes mellitus",43,4.9653,9,0.053604,1.2708,1,0.2562,0
"Basal cell carcinoma",63,7.2748,12,0.054251,1.2656,1,0.2562,0.11667
"Choline metabolism in cancer",98,11.316,17,0.055397,1.2565,1,0.2562,0.026125
"Pathogenic Escherichia coli infection",201,23.21,31,0.05573,1.2539,1,0.2562,0.010387
"Arginine and proline metabolism",50,5.7736,10,0.056692,1.2465,1,0.25706,0.085716
"Fatty acid degradation",44,5.0808,9,0.06079,1.2162,1,0.27191,0.58355
"Drug metabolism - other enzymes",79,9.1223,14,0.066691,1.1759,1,0.29433,0.062215
"Wnt signaling pathway",160,18.476,25,0.070339,1.1528,1,0.30634,0.076031
"One carbon pool by folate",20,2.3094,5,0.072167,1.1417,1,0.31023,0.21172
"Platelet activation",124,14.319,20,0.075685,1.121,1,0.32079,0.18839
"Fluid shear stress and atherosclerosis",139,16.051,22,0.076563,1.116,1,0.32079,0.008544
"Breast cancer",147,16.974,23,0.079096,1.1018,1,0.32726,0.02416
"Transcriptional misregulation in cancer",186,21.478,28,0.084478,1.0733,1,0.34231,0
"Glycosphingolipid biosynthesis - globo and isoglobo series",15,1.7321,4,0.085503,1.068,1,0.34231,0.47948
"Glioma",75,8.6604,13,0.086705,1.062,1,0.34231,0.085616
"Glycolysis or Gluconeogenesis",68,7.8521,12,0.087426,1.0584,1,0.34231,0.43887
"Rap1 signaling pathway",210,24.249,31,0.088752,1.0518,1,0.34231,0.013502
"Gastric cancer",149,17.205,23,0.088938,1.0509,1,0.34231,0.016467
"Salivary secretion",90,10.393,15,0.090919,1.0413,1,0.34591,0.012422
"Regulation of lipolysis in adipocytes",55,6.351,10,0.096177,1.0169,1,0.36176,0.019774
"Synthesis and degradation of ketone bodies",10,1.1547,3,0.099157,1.0037,1,0.36869,0.48889
"Arrhythmogenic right ventricular cardiomyopathy (ARVC)",77,8.8914,13,0.10192,0.99176,1,0.36869,0
"Progesterone-mediated oocyte maturation",99,11.432,16,0.10248,0.98938,1,0.36869,0.042308
"Phosphatidylinositol signaling system",99,11.432,16,0.10248,0.98938,1,0.36869,0.74724
"Caffeine metabolism",5,0.57736,2,0.10507,0.9785,1,0.37029,0.023755
"Phagosome",152,17.552,23,0.10516,0.97816,1,0.37029,0
"ErbB signaling pathway",85,9.8151,14,0.10767,0.9679,1,0.37476,0.1526
"Hepatocellular carcinoma",168,19.399,25,0.10908,0.96224,1,0.37476,0.014631
"Linoleic acid metabolism",29,3.3487,6,0.10982,0.9593,1,0.37476,0.078841
"Tight junction",169,19.515,25,0.11472,0.94035,1,0.38749,0.011599
"Hippo signaling pathway",154,17.783,23,0.11695,0.932,1,0.38756,0.0074743
"Melanogenesis",101,11.663,16,0.11709,0.93148,1,0.38756,0.028541
"Vascular smooth muscle contraction",132,15.242,20,0.12301,0.91008,1,0.40312,0.081087
"Mineral absorption",58,6.6974,10,0.12608,0.89934,1,0.40916,0.00014006
"Salmonella infection",80,9.2378,13,0.12756,0.8943,1,0.40992,0.002551
"Thyroid hormone signaling pathway",119,13.741,18,0.1395,0.85543,1,0.44239,0.029021
"Antifolate resistance",31,3.5796,6,0.14034,0.85283,1,0.44239,0
"TNF signaling pathway",112,12.933,17,0.14456,0.83996,1,0.4514,0.001933
"Oocyte meiosis",128,14.78,19,0.14996,0.82401,1,0.46391,0.068207
"Cellular senescence",160,18.476,23,0.15701,0.80408,1,0.47703,0.020594
"Relaxin signaling pathway",129,14.896,19,0.15798,0.80139,1,0.47703,0.12113
"Glucagon signaling pathway",106,12.24,16,0.15871,0.79939,1,0.47703,0.01866
"Apelin signaling pathway",137,15.82,20,0.15997,0.79596,1,0.47703,0.065766
"Glutamatergic synapse",114,13.164,17,0.16163,0.79148,1,0.47768,0.091097
"Carbohydrate digestion and absorption",47,5.4272,8,0.16891,0.77235,1,0.49477,0.0040984
"Ferroptosis",40,4.6189,7,0.17224,0.76387,1,0.5001,0
"GnRH signaling pathway",93,10.739,14,0.18131,0.74157,1,0.51856,0.14246
"Cell cycle",124,14.319,18,0.18173,0.74057,1,0.51856,0.10989
"Graft-versus-host disease",41,4.7344,7,0.18845,0.72479,1,0.53315,0
"Adrenergic signaling in cardiomyocytes",149,17.205,21,0.19434,0.71144,1,0.53942,0.044869
"Ascorbate and aldarate metabolism",27,3.1178,5,0.19463,0.71079,1,0.53942,0.0025399
"Regulation of actin cytoskeleton",213,24.596,29,0.19588,0.708,1,0.53942,0.16681
"Intestinal immune network for IgA production",49,5.6581,8,0.19882,0.70154,1,0.53942,0
"Cysteine and methionine metabolism",49,5.6581,8,0.19882,0.70154,1,0.53942,0.37247
"p53 signaling pathway",72,8.314,11,0.20412,0.6901,1,0.54791,0
"Porphyrin and chlorophyll metabolism",42,4.8498,7,0.20526,0.6877,1,0.54791,0.017656
"Dilated cardiomyopathy (DCM)",96,11.085,14,0.21404,0.6695,1,0.56576,0.016189
"cAMP signaling pathway",216,24.942,29,0.21799,0.66157,1,0.56576,0.35056
"Arginine biosynthesis",21,2.4249,4,0.21833,0.66088,1,0.56576,0.22647
"AMPK signaling pathway",120,13.857,17,0.21878,0.65999,1,0.56576,0.056623
"Circadian entrainment",97,11.201,14,0.22549,0.64687,1,0.57679,0.074108
"Non-small cell lung cancer",66,7.6212,10,0.22653,0.64487,1,0.57679,0.032792
"Riboflavin metabolism",8,0.92378,2,0.23392,0.63093,1,0.59031,0.025362
"Hypertrophic cardiomyopathy (HCM)",90,10.393,13,0.23557,0.62788,1,0.59031,0.0014493
"Endocrine resistance",98,11.316,14,0.23719,0.62489,1,0.59031,0.1028
"Long-term potentiation",67,7.7366,10,0.24088,0.6182,1,0.59146,0.67527
"Human T-cell leukemia virus 1 infection",219,25.288,29,0.24123,0.61757,1,0.59146,0.0047108
"Alzheimer disease",171,19.746,23,0.24736,0.60667,1,0.60127,0.00045228
"Hepatitis C",155,17.898,21,0.24886,0.60404,1,0.60127,0.0081615
"MAPK signaling pathway",295,34.064,38,0.25754,0.58916,1,0.60987,0.044838
"Pertussis",76,8.7759,11,0.25795,0.58846,1,0.60987,0.00073164
"Pancreatic cancer",76,8.7759,11,0.25795,0.58846,1,0.60987,0.024906
"Citrate cycle (TCA cycle)",30,3.4642,5,0.26093,0.58348,1,0.61253,0.30735
"Endocrine and other factor-regulated calcium reabsorption",53,6.12,8,0.26422,0.57803,1,0.61323,0.0061688
"Glycerolipid metabolism",61,7.0438,9,0.26797,0.57192,1,0.61323,0.16715
"Non-alcoholic fatty liver disease (NAFLD)",149,17.205,20,0.26948,0.56948,1,0.61323,0.0095238
"Central carbon metabolism in cancer",69,7.9676,10,0.27049,0.56785,1,0.61323,0.010311
"Adipocytokine signaling pathway",69,7.9676,10,0.27049,0.56785,1,0.61323,0.035437
"Asthma",31,3.5796,5,0.28412,0.5465,1,0.62871,0
"Mucin type O-glycan biosynthesis",31,3.5796,5,0.28412,0.5465,1,0.62871,0.11775
"Prolactin signaling pathway",70,8.0831,10,0.2857,0.54409,1,0.62871,0.11418
"cGMP-PKG signaling pathway",167,19.284,22,0.28658,0.54276,1,0.62871,0.19572
"Insulin secretion",86,9.9306,12,0.28681,0.5424,1,0.62871,0.053415
"Calcium signaling pathway",193,22.286,25,0.29966,0.52337,1,0.65255,0.037533
"Selenocompound metabolism",17,1.963,3,0.31229,0.50544,1,0.67233,0.027003
"Valine, leucine and isoleucine degradation",48,5.5427,7,0.31561,0.50085,1,0.67233,0.65539
"Melanoma",72,8.314,10,0.31679,0.49923,1,0.67233,0.035985
"Legionellosis",56,6.4664,8,0.31687,0.49912,1,0.67233,0
"Longevity regulating pathway",89,10.277,12,0.32906,0.48272,1,0.69376,0.26345
"Malaria",49,5.6581,7,0.33508,0.47485,1,0.70036,0
"Parathyroid hormone synthesis, secretion and action",106,12.24,14,0.33806,0.471,1,0.70036,0.021229
"Thermogenesis",231,26.674,29,0.34351,0.46406,1,0.70036,0.085439
"Axon guidance",181,20.9,23,0.34426,0.46311,1,0.70036,0.0035069
"Retrograde endocannabinoid signaling",148,17.09,19,0.34692,0.45978,1,0.70036,0.0097533
"Inositol phosphate metabolism",74,8.5449,10,0.34858,0.4577,1,0.70036,0.57593
"Maturity onset diabetes of the young",26,3.0023,4,0.35299,0.45224,1,0.70036,0
"Folate biosynthesis",26,3.0023,4,0.35299,0.45224,1,0.70036,0.01057
"Endometrial cancer",58,6.6974,8,0.35303,0.45219,1,0.70036,0.031401
"Pentose and glucuronate interconversions",34,3.9261,5,0.35547,0.44919,1,0.70036,0.028753
"Propanoate metabolism",34,3.9261,5,0.35547,0.44919,1,0.70036,0.0518
"Peroxisome",83,9.5842,11,0.3613,0.44214,1,0.70476,0
"Insulin resistance",108,12.471,14,0.36472,0.43805,1,0.70476,0.011275
"Human cytomegalovirus infection",225,25.981,28,0.36534,0.4373,1,0.70476,0.012953
"Acute myeloid leukemia",67,7.7366,9,0.36801,0.43414,1,0.70476,0.055408
"Ubiquinone and other terpenoid-quinone biosynthesis",11,1.2702,2,0.36835,0.43374,1,0.70476,0.0028728
"Small cell lung cancer",92,10.623,12,0.37254,0.42883,1,0.70867,0.035686
"HIF-1 signaling pathway",109,12.586,14,0.37817,0.42232,1,0.71218,0.071213
"Steroid biosynthesis",19,2.194,3,0.37868,0.42173,1,0.71218,0.0012098
"Fc epsilon RI signaling pathway",68,7.8521,9,0.38517,0.41435,1,0.71734,0.02935
"Fc gamma R-mediated phagocytosis",93,10.739,12,0.3872,0.41207,1,0.71734,0.081981
"Valine, leucine and isoleucine biosynthesis",4,0.46189,1,0.38793,0.41125,1,0.71734,0.0061538
"Sphingolipid signaling pathway",119,13.741,15,0.39997,0.39798,1,0.73549,0.025865
"Renal cell carcinoma",69,7.9676,9,0.40237,0.39538,1,0.73582,0.010965
"Longevity regulating pathway - multiple species",62,7.1593,8,0.42635,0.37024,1,0.77539,0.10813
"Ras signaling pathway",232,26.79,28,0.43144,0.36508,1,0.78036,0.038231
"Allograft rejection",38,4.3879,5,0.45112,0.34571,1,0.81035,0
"Non-homologous end-joining",13,1.5011,2,0.45291,0.34399,1,0.81035,0
"D-Glutamine and D-glutamate metabolism",5,0.57736,1,0.45864,0.33853,1,0.8129,0.025
"Glyoxylate and dicarboxylate metabolism",30,3.4642,4,0.46188,0.33547,1,0.8129,0.025862
"Ether lipid metabolism",47,5.4272,6,0.46319,0.33424,1,0.8129,0.10797
"Human papillomavirus infection",330,38.106,39,0.46416,0.33333,1,0.8129,0.014911
"Huntington disease",193,22.286,23,0.46947,0.32839,1,0.81787,0.0013169
"Parkinson disease",142,16.397,17,0.476,0.3224,1,0.82489,0
"Inflammatory bowel disease (IBD)",65,7.5057,8,0.48095,0.3179,1,0.82914,0.0042306
"Circadian rhythm",31,3.5796,4,0.48822,0.31139,1,0.83299,0
"Galactose metabolism",31,3.5796,4,0.48822,0.31139,1,0.83299,0.080983
"Pyrimidine metabolism",57,6.5819,7,0.49218,0.30787,1,0.83545,0.40097
"Oxytocin signaling pathway",153,17.667,18,0.50439,0.29723,1,0.84529,0.035263
"mTOR signaling pathway",153,17.667,18,0.50439,0.29723,1,0.84529,0.11855
"Mannose type O-glycan biosynthesis",23,2.6559,3,0.50568,0.29612,1,0.84529,0.039894
"JAK-STAT signaling pathway",162,18.707,19,0.5082,0.29397,1,0.84529,0.57937
"Growth hormone synthesis, secretion and action",119,13.741,14,0.51335,0.28959,1,0.84959,0.051459
"Osteoclast differentiation",128,14.78,15,0.5173,0.28626,1,0.85187,0.039912
"Vitamin B6 metabolism",6,0.69283,1,0.52119,0.283,1,0.85403,0.0013495
"N-Glycan biosynthesis",50,5.7736,6,0.5256,0.27935,1,0.85638,0.10227
"Cushing syndrome",155,17.898,18,0.5278,0.27753,1,0.85638,0.0081459
"Vitamin digestion and absorption",24,2.7713,3,0.53534,0.27137,1,0.86214,0
"Cholinergic synapse",112,12.933,13,0.53656,0.27038,1,0.86214,0.047541
"Cardiac muscle contraction",86,9.9306,10,0.5412,0.26664,1,0.8654,0.0060908
"Epstein-Barr virus infection",201,23.21,23,0.55245,0.25771,1,0.87914,0.0027646
"Epithelial cell signaling in Helicobacter pylori infection",70,8.0831,8,0.56846,0.2453,1,0.90029,0.0017422
"Autoimmune thyroid disease",53,6.12,6,0.58486,0.23295,1,0.91762,0
"MicroRNAs in cancer",310,35.796,35,0.58495,0.23288,1,0.91762,0
"Hepatitis B",162,18.707,18,0.60692,0.21687,1,0.94759,0.0032177
"Platinum drug resistance",73,8.4295,8,0.61767,0.20924,1,0.95324,0.013605
"Bacterial invasion of epithelial cells",73,8.4295,8,0.61767,0.20924,1,0.95324,0.014396
"NOD-like receptor signaling pathway",181,20.9,20,0.61917,0.20819,1,0.95324,0.0063517
"Insulin signaling pathway",137,15.82,15,0.62777,0.2022,1,0.96053,0.1331
"Fatty acid biosynthesis",18,2.0785,2,0.63232,0.19906,1,0.96053,0.01196
"Thyroid cancer",37,4.2725,4,0.63262,0.19886,1,0.96053,0.013333
"Cortisol synthesis and secretion",65,7.5057,7,0.63618,0.19642,1,0.96153,0.014904
"NF-kappa B signaling pathway",102,11.778,11,0.64231,0.19225,1,0.96639,0.0046202
"Toxoplasmosis",112,12.933,12,0.65369,0.18463,1,0.97906,0.0038251
"Dopaminergic synapse",131,15.127,14,0.66288,0.17857,1,0.98291,0.02543
"Chronic myeloid leukemia",76,8.7759,8,0.66374,0.178,1,0.98291,0.035859
"Hippo signaling pathway - multiple species",29,3.3487,3,0.66704,0.17585,1,0.98291,0
"C-type lectin receptor signaling pathway",104,12.009,11,0.66814,0.17513,1,0.98291,0.0017544
"Pyruvate metabolism",39,4.5034,4,0.67447,0.17103,1,0.98784,0.099903
"Cocaine addiction",49,5.6581,5,0.68255,0.16586,1,0.99046,0
"Amphetamine addiction",68,7.8521,7,0.68371,0.16513,1,0.99046,0.0016804
"Oxidative phosphorylation",133,15.358,14,0.68524,0.16416,1,0.99046,0
"Glycosaminoglycan biosynthesis - chondroitin sulfate / dermatan sulfate",20,2.3094,2,0.69002,0.16114,1,0.99302,0.014113
"Nicotine addiction",40,4.6189,4,0.69412,0.15856,1,0.99461,0
"Hedgehog signaling pathway",50,5.7736,5,0.69999,0.15491,1,0.9987,0.01039
"RNA degradation",79,9.1223,8,0.70635,0.15098,1,1,0
"Homologous recombination",41,4.7344,4,0.71291,0.14697,1,1,0.0025641
"Amyotrophic lateral sclerosis (ALS)",51,5.8891,5,0.71676,0.14463,1,1,0.0027952
"Apoptosis",136,15.704,14,0.71713,0.1444,1,1,0.019042
"Adherens junction",71,8.1985,7,0.72709,0.13841,1,1,0.018679
"Terpenoid backbone biosynthesis",22,2.5404,2,0.74004,0.13074,1,1,0.022739
"Taurine and hypotaurine metabolism",11,1.2702,1,0.74092,0.13023,1,1,0.0049261
"Kaposi sarcoma-associated herpesvirus infection",186,21.478,19,0.75058,0.1246,1,1,0.0066074
"Taste transduction",83,9.5842,8,0.75742,0.12066,1,1,0
"Protein export",23,2.6559,2,0.76236,0.11784,1,1,0
"Influenza A",170,19.63,17,0.77239,0.11216,1,1,0.0019407
"Proteasome",45,5.1963,4,0.77955,0.10816,1,1,0
"Neuroactive ligand-receptor interaction",340,39.261,35,0.79374,0.10032,1,1,0
"Shigellosis",67,7.7366,6,0.80137,0.096166,1,1,0.004065
"alpha-Linolenic acid metabolism",25,2.8868,2,0.80205,0.095799,1,1,0.00094268
"DNA replication",36,4.157,3,0.8023,0.095663,1,1,0
"Aldosterone synthesis and secretion",98,11.316,9,0.81294,0.089941,1,1,0.020247
"Nicotinate and nicotinamide metabolism",37,4.2725,3,0.81727,0.087633,1,1,0.016682
"VEGF signaling pathway",59,6.8129,5,0.82704,0.082472,1,1,0.039773
"Yersinia infection",120,13.857,11,0.83279,0.079467,1,1,0.0067982
"Collecting duct acid secretion",27,3.1178,2,0.83574,0.077931,1,1,0
"Viral myocarditis",60,6.9283,5,0.838,0.076754,1,1,0.0028409
"Tuberculosis",179,20.67,17,0.83811,0.0767,1,1,0.0068988
"Glycosphingolipid biosynthesis - ganglio series",15,1.7321,1,0.84154,0.074925,1,1,0.12145
"Vibrio cholerae infection",50,5.7736,4,0.8449,0.073194,1,1,0.0079365
"Chagas disease (American trypanosomiasis)",102,11.778,9,0.84767,0.071774,1,1,0.011035
"Lysine degradation",61,7.0438,5,0.84839,0.071404,1,1,0.053258
"Phototransduction",28,3.2332,2,0.85056,0.070296,1,1,0.0023127
"Viral carcinogenesis",201,23.21,19,0.85483,0.068119,1,1,0
"Ribosome",153,17.667,14,0.85787,0.06658,1,1,0
"Toll-like receptor signaling pathway",104,12.009,9,0.86302,0.06398,1,1,0.016853
"Cytosolic DNA-sensing pathway",63,7.2748,5,0.86751,0.061726,1,1,0
"Autophagy - animal",137,15.82,12,0.8811,0.054974,1,1,0.10606
"Th17 cell differentiation",107,12.356,9,0.88369,0.053701,1,1,0.0010073
"Fanconi anemia pathway",54,6.2355,4,0.88468,0.053213,1,1,0.068309
"Glycerophospholipid metabolism",97,11.201,8,0.88585,0.052638,1,1,0.18384
"Leishmaniasis",76,8.7759,6,0.88626,0.052439,1,1,0
"RNA polymerase",31,3.5796,2,0.888,0.051589,1,1,0
"Vasopressin-regulated water reabsorption",44,5.0808,3,0.89726,0.047084,1,1,0
"Autophagy - other",32,3.6951,2,0.8984,0.046528,1,1,0.002381
"Apoptosis - multiple species",32,3.6951,2,0.8984,0.046528,1,1,0.0085227
"PD-L1 expression and PD-1 checkpoint pathway in cancer",89,10.277,7,0.90198,0.044805,1,1,0.040111
"Glycosaminoglycan biosynthesis - heparan sulfate / heparin",19,2.194,1,0.90311,0.04426,1,1,0
"Glycosaminoglycan degradation",19,2.194,1,0.90311,0.04426,1,1,0.0027752
"Base excision repair",33,3.8106,2,0.90791,0.041959,1,1,0
"Fructose and mannose metabolism",33,3.8106,2,0.90791,0.041959,1,1,0.01027
"Systemic lupus erythematosus",133,15.358,11,0.91342,0.03933,1,1,0.00037707
"Sphingolipid metabolism",47,5.4272,3,0.92064,0.035912,1,1,0.33271
"B cell receptor signaling pathway",82,9.4687,6,0.92388,0.034385,1,1,0.051293
"Glycosylphosphatidylinositol (GPI)-anchor biosynthesis",23,2.6559,1,0.94077,0.026517,1,1,0
"Mismatch repair",23,2.6559,1,0.94077,0.026517,1,1,0
"Human immunodeficiency virus 1 infection",212,24.48,18,0.94088,0.026465,1,1,0.0063124
"Neurotrophin signaling pathway",119,13.741,9,0.94233,0.025796,1,1,0.13911
"Primary immunodeficiency",38,4.3879,2,0.94413,0.024969,1,1,0
"Notch signaling pathway",53,6.12,3,0.95345,0.020702,1,1,0
"GABAergic synapse",89,10.277,6,0.95359,0.020638,1,1,0.0074675
"Synaptic vesicle cycle",78,9.0068,5,0.9557,0.019678,1,1,0
"Antigen processing and presentation",78,9.0068,5,0.9557,0.019678,1,1,0.019915
"Morphine addiction",91,10.508,6,0.9599,0.017774,1,1,0.0040404
"Th1 and Th2 cell differentiation",92,10.623,6,0.96275,0.016485,1,1,0
"T cell receptor signaling pathway",104,12.009,7,0.96402,0.015915,1,1,0.044064
"Measles",138,15.935,10,0.96517,0.015395,1,1,0.0040858
"Purine metabolism",130,15.011,9,0.97144,0.012583,1,1,0.25979
"Basal transcription factors",45,5.1963,2,0.97281,0.011974,1,1,0
"Endocytosis",249,28.753,20,0.9736,0.011619,1,1,0
"RNA transport",165,19.053,12,0.97462,0.011163,1,1,0
"Pentose phosphate pathway",30,3.4642,1,0.97498,0.011002,1,1,0.021761
"Protein processing in endoplasmic reticulum",166,19.168,12,0.97612,0.010496,1,1,0.00017969
"Nucleotide excision repair",47,5.4272,2,0.97794,0.0096865,1,1,0
"Lysosome",123,14.203,8,0.97883,0.0092922,1,1,0
"Spliceosome",135,15.589,9,0.9796,0.0089531,1,1,0
"Amino sugar and nucleotide sugar metabolism",48,5.5427,2,0.98015,0.0087094,1,1,0.01236
"Ubiquitin mediated proteolysis",136,15.704,9,0.98094,0.0083553,1,1,0
"SNARE interactions in vesicular transport",34,3.9261,1,0.98472,0.0066877,1,1,0
"RIG-I-like receptor signaling pathway",70,8.0831,3,0.99067,0.0040692,1,1,0.024279
"Alcoholism",184,21.247,12,0.99246,0.0032859,1,1,0.0028283
"mRNA surveillance pathway",91,10.508,4,0.99518,0.0020973,1,1,0.0037338
"Type II diabetes mellitus",46,5.3117,1,0.99652,0.0015129,1,1,0.036559
"Mitophagy - animal",65,7.5057,2,0.99682,0.0013815,1,1,0.002551
"Natural killer cell mediated cytotoxicity",131,15.127,6,0.99847,0.00066624,1,1,0.043709
"Necroptosis",162,18.707,8,0.99897,0.00044955,1,1,0.027339
"Aminoacyl-tRNA biosynthesis",66,7.6212,1,0.99971,0.00012744,1,1,0.00010739
"Herpes simplex virus 1 infection",491,56.697,34,0.99984,7.0202e-05,1,1,0.0029493
"Ribosome biogenesis in eukaryotes",105,12.125,2,0.99997,1.5015e-05,1,1,0
"Olfactory transduction",448,51.732,3,1,0,1,1,0.0044297
