"","Total","Expected","Hits","Raw p","-log10(p)","Holm adjust","FDR","Impact"
"Complement and coagulation cascades",79,10.893,36,6.2452e-12,11.204,2.0672e-09,2.0672e-09,0.073572
"Bile secretion",72,9.9276,27,3.9781e-07,6.4003,0.00013128,4.3892e-05,0.00097125
"Drug metabolism - cytochrome P450",72,9.9276,27,3.9781e-07,6.4003,0.00013128,4.3892e-05,0.0057667
"Protein digestion and absorption",95,13.099,31,1.9348e-06,5.7134,0.00063462,0.0001601,0
"Chemical carcinogenesis",82,11.306,27,7.2887e-06,5.1374,0.0023834,0.00048251,0.00010033
"Amoebiasis",102,14.064,31,1.0172e-05,4.9926,0.003316,0.00056115,0.00084746
"Pathways in cancer",531,73.216,107,1.7649e-05,4.7533,0.0057358,0.00083452,0.068231
"Metabolism of xenobiotics by cytochrome P450",76,10.479,24,5.0403e-05,4.2975,0.016331,0.0020854,0.0074355
"Pancreatic secretion",102,14.064,29,7.653e-05,4.1162,0.024719,0.0028146,0.0043695
"Histidine metabolism",23,3.1713,11,8.9726e-05,4.0471,0.028892,0.0029699,0.097832
"Tyrosine metabolism",36,4.9638,14,0.00016198,3.7905,0.051997,0.0048742,0.23329
"Proteoglycans in cancer",204,28.128,47,0.00020223,3.6942,0.064713,0.0054029,0.0062018
"Bladder cancer",41,5.6532,15,0.0002122,3.6733,0.067691,0.0054029,0.0080645
"ECM-receptor interaction",88,12.134,25,0.00023768,3.624,0.075581,0.0056193,0.00014569
"Steroid hormone biosynthesis",60,8.273,19,0.00028836,3.5401,0.09141,0.0059698,0.34124
"Tryptophan metabolism",42,5.7911,15,0.00028857,3.5397,0.09141,0.0059698,0.12319
"Viral protein interaction with cytokine and cytokine receptor",100,13.788,27,0.00033944,3.4692,0.10692,0.0066091,0
"Retinol metabolism",67,9.2382,20,0.00048265,3.3164,0.15155,0.0086091,0.1835
"Renin-angiotensin system",23,3.1713,10,0.00049418,3.3061,0.15468,0.0086091,0
"PI3K-Akt signaling pathway",354,48.811,71,0.00054402,3.2644,0.16973,0.0090034,0.27072
"Arachidonic acid metabolism",63,8.6866,19,0.00057537,3.2401,0.17894,0.009069,0.37141
"TGF-beta signaling pathway",94,12.961,25,0.00070891,3.1494,0.21976,0.010666,0.028956
"African trypanosomiasis",37,5.1017,13,0.00086883,3.0611,0.26847,0.012504,0.0015873
"PPAR signaling pathway",76,10.479,21,0.0010862,2.9641,0.33455,0.01498,0.0055523
"AGE-RAGE signaling pathway in diabetic complications",100,13.788,25,0.0018468,2.7336,0.56695,0.024451,0.037752
"ABC transporters",45,6.2047,14,0.0021415,2.6693,0.6553,0.027263,0
"Cholesterol metabolism",50,6.8942,15,0.0022554,2.6468,0.68789,0.027649,7.0028e-05
"Fat digestion and absorption",41,5.6532,13,0.0025295,2.597,0.76898,0.028948,0
"Cytokine-cytokine receptor interaction",294,40.538,58,0.0025363,2.5958,0.76898,0.028948,0
"Chemokine signaling pathway",189,26.06,40,0.0032,2.4948,0.96641,0.035307,0.14091
"Renin secretion",69,9.5139,18,0.0047314,2.325,1,0.050519,0.013636
"Phenylalanine metabolism",17,2.344,7,0.0051167,2.291,1,0.051322,0.0090962
"Primary bile acid biosynthesis",17,2.344,7,0.0051167,2.291,1,0.051322,0.29156
"Serotonergic synapse",115,15.857,26,0.0065589,2.1832,1,0.063853,0.0061605
"beta-Alanine metabolism",31,4.2744,10,0.0067823,2.1686,1,0.064141,0.36276
"IL-17 signaling pathway",94,12.961,22,0.0078056,2.1076,1,0.071768,0.00099875
"Signaling pathways regulating pluripotency of stem cells",140,19.304,30,0.0082346,2.0844,1,0.073666,0.01052
"Aldosterone-regulated sodium reabsorption",37,5.1017,11,0.0090669,2.0425,1,0.075761,0.085979
"Proximal tubule bicarbonate reclamation",23,3.1713,8,0.0091683,2.0377,1,0.075761,0
"Cell adhesion molecules (CAMs)",147,20.269,31,0.0092591,2.0334,1,0.075761,7.1469e-05
"EGFR tyrosine kinase inhibitor resistance",79,10.893,19,0.0095819,2.0185,1,0.075761,0.29798
"Staphylococcus aureus infection",96,13.237,22,0.010059,1.9975,1,0.075761,0.0083056
"Thyroid hormone synthesis",74,10.203,18,0.010213,1.9908,1,0.075761,0.006495
"Phospholipase D signaling pathway",148,20.407,31,0.010215,1.9908,1,0.075761,0.20543
"Mineral absorption",58,7.9972,15,0.0103,1.9872,1,0.075761,0.00014006
"Gastric cancer",149,20.545,31,0.01125,1.9488,1,0.07923,0.017228
"Adrenergic signaling in cardiomyocytes",149,20.545,31,0.01125,1.9488,1,0.07923,0.053521
"Ovarian steroidogenesis",49,6.7563,13,0.013164,1.8806,1,0.090777,0.0085601
"Arrhythmogenic right ventricular cardiomyopathy (ARVC)",77,10.617,18,0.015398,1.8125,1,0.10333,0
"Arginine and proline metabolism",50,6.8942,13,0.015609,1.8066,1,0.10333,0.10627
"Glycine, serine and threonine metabolism",40,5.5153,11,0.016634,1.779,1,0.10796,0.37428
"Wnt signaling pathway",160,22.061,32,0.017742,1.751,1,0.11294,0.076031
"Arginine biosynthesis",21,2.8955,7,0.018619,1.73,1,0.11459,0.36933
"Hypertrophic cardiomyopathy (HCM)",90,12.409,20,0.019041,1.7203,1,0.11459,0.0014493
"Salivary secretion",90,12.409,20,0.019041,1.7203,1,0.11459,0.013665
"Dilated cardiomyopathy (DCM)",96,13.237,21,0.019618,1.7073,1,0.11596,0.016189
"Maturity onset diabetes of the young",26,3.585,8,0.020044,1.698,1,0.1164,0.011586
"Alanine, aspartate and glutamate metabolism",36,4.9638,10,0.020464,1.689,1,0.11679,0.15339
"D-Glutamine and D-glutamate metabolism",5,0.68942,3,0.021052,1.6767,1,0.11731,0.054167
"Estrogen signaling pathway",138,19.028,28,0.021264,1.6724,1,0.11731,0.11825
"Nitrogen metabolism",17,2.344,6,0.021669,1.6642,1,0.11758,0.0057971
"Carbohydrate digestion and absorption",47,6.4805,12,0.022722,1.6436,1,0.1213,0.0040984
"Gastric acid secretion",75,10.341,17,0.024339,1.6137,1,0.12607,0.018854
"Hematopoietic cell lineage",98,13.513,21,0.024377,1.613,1,0.12607,0
"GnRH secretion",64,8.8245,15,0.025043,1.6013,1,0.12608,0.15079
"Glycosphingolipid biosynthesis - lacto and neolacto series",27,3.7228,8,0.025139,1.5997,1,0.12608,0.15379
"Rheumatoid arthritis",93,12.823,20,0.026607,1.575,1,0.13145,0
"Gap junction",88,12.134,19,0.029043,1.537,1,0.14089,0.05279
"cAMP signaling pathway",216,29.783,40,0.029369,1.5321,1,0.14089,0.36032
"Rap1 signaling pathway",210,28.955,39,0.02993,1.5239,1,0.14153,0.014112
"Focal adhesion",199,27.439,37,0.033261,1.4781,1,0.15506,0.61542
"Glutamatergic synapse",114,15.719,23,0.036581,1.4367,1,0.16817,0.10497
"Pantothenate and CoA biosynthesis",19,2.6198,6,0.037334,1.4279,1,0.16928,0.18264
"Prostate cancer",97,13.375,20,0.039988,1.3981,1,0.17886,0.051296
"Prion diseases",35,4.8259,9,0.043512,1.3614,1,0.19203,0
"Central carbon metabolism in cancer",69,9.5139,15,0.046257,1.3348,1,0.20146,0.010311
"Phosphatidylinositol signaling system",99,13.65,20,0.048275,1.3163,1,0.20752,0.74724
"Starch and sucrose metabolism",36,4.9638,9,0.051194,1.2908,1,0.21725,0.25659
"Inflammatory mediator regulation of TRP channels",100,13.788,20,0.052851,1.2769,1,0.22144,0.017492
"Mucin type O-glycan biosynthesis",31,4.2744,8,0.05439,1.2645,1,0.22504,0.23611
"Vascular smooth muscle contraction",132,18.201,25,0.058794,1.2307,1,0.24026,0.081087
"Neuroactive ligand-receptor interaction",340,46.88,57,0.063648,1.1962,1,0.25692,0
"Fatty acid elongation",27,3.7228,7,0.068304,1.1656,1,0.27239,0.0092502
"Breast cancer",147,20.269,27,0.070107,1.1542,1,0.27469,0.02416
"Drug metabolism - other enzymes",79,10.893,16,0.070539,1.1516,1,0.27469,0.092435
"Fatty acid degradation",44,6.0669,10,0.072573,1.1392,1,0.27886,0.62677
"Hippo signaling pathway",154,21.234,28,0.073296,1.1349,1,0.27886,0.0082508
"Calcium signaling pathway",193,26.611,34,0.075954,1.1194,1,0.28269,0.03885
"Small cell lung cancer",92,12.685,18,0.07612,1.1185,1,0.28269,0.056667
"Colorectal cancer",86,11.858,17,0.076864,1.1143,1,0.28269,0.027644
"Glycolysis or Gluconeogenesis",68,9.376,14,0.077734,1.1094,1,0.28275,0.80627
"Pathogenic Escherichia coli infection",201,27.714,35,0.082824,1.0818,1,0.2961,0.01529
"Apelin signaling pathway",137,18.89,25,0.083939,1.076,1,0.2961,0.069009
"Tight junction",169,23.302,30,0.08428,1.0743,1,0.2961,0.012429
"Basal cell carcinoma",63,8.6866,13,0.085756,1.0667,1,0.2961,0.11667
"FoxO signaling pathway",131,18.063,24,0.085879,1.0661,1,0.2961,0.015538
"Parathyroid hormone synthesis, secretion and action",106,14.616,20,0.086815,1.0614,1,0.29624,0.021229
"Linoleic acid metabolism",29,3.9986,7,0.094337,1.0253,1,0.31697,0.078841
"Melanogenesis",101,13.926,19,0.095479,1.0201,1,0.31697,0.028541
"Fluid shear stress and atherosclerosis",139,19.166,25,0.09576,1.0188,1,0.31697,0.0075824
"Vitamin digestion and absorption",24,3.3092,6,0.10227,0.99024,1,0.33517,0
"Transcriptional misregulation in cancer",186,25.646,32,0.10607,0.97442,1,0.3442,0
"Regulation of actin cytoskeleton",213,29.369,36,0.11028,0.9575,1,0.35439,0.23102
"p53 signaling pathway",72,9.9276,14,0.11281,0.94764,1,0.35905,0.00011655
"Relaxin signaling pathway",129,17.787,23,0.11462,0.94074,1,0.36042,0.12759
"Long-term depression",60,8.273,12,0.11542,0.93771,1,0.36042,0.055556
"Choline metabolism in cancer",98,13.513,18,0.12184,0.9142,1,0.37692,0.026125
"Antifolate resistance",31,4.2744,7,0.12513,0.90266,1,0.381,0
"Platelet activation",124,17.097,22,0.12547,0.90147,1,0.381,0.18992
"Glycerolipid metabolism",61,8.4109,12,0.12667,0.89733,1,0.38116,0.19363
"Regulation of lipolysis in adipocytes",55,7.5836,11,0.12806,0.89257,1,0.38118,0.019774
"Type I diabetes mellitus",43,5.929,9,0.12898,0.88948,1,0.38118,0
"Leukocyte transendothelial migration",112,15.443,20,0.1326,0.87745,1,0.38724,0.02652
"Inositol phosphate metabolism",74,10.203,14,0.13337,0.87494,1,0.38724,0.57593
"Thyroid hormone signaling pathway",119,16.408,21,0.13739,0.86203,1,0.39546,0.029021
"Caffeine metabolism",5,0.68942,2,0.14286,0.84508,1,0.40765,0.047126
"HIF-1 signaling pathway",109,15.029,19,0.16498,0.78257,1,0.46673,0.071213
"Butanoate metabolism",28,3.8607,6,0.17971,0.74542,1,0.50411,0.12506
"Cell cycle",124,17.097,21,0.18399,0.73521,1,0.51177,0.1541
"Endocrine and other factor-regulated calcium reabsorption",53,7.3078,10,0.18697,0.72824,1,0.51571,0.0061688
"Vitamin B6 metabolism",6,0.8273,2,0.19538,0.70912,1,0.53274,0.012146
"TNF signaling pathway",112,15.443,19,0.19661,0.7064,1,0.53274,0.0027921
"Platinum drug resistance",73,10.065,13,0.1994,0.70028,1,0.53274,0.016871
"Insulin secretion",86,11.858,15,0.19958,0.69989,1,0.53274,0.055294
"Glucagon signaling pathway",106,14.616,18,0.20337,0.69172,1,0.53852,0.01866
"Cellular senescence",160,22.061,26,0.20992,0.67794,1,0.54922,0.029104
"AMPK signaling pathway",120,16.546,20,0.21176,0.67417,1,0.54922,0.056623
"cGMP-PKG signaling pathway",167,23.026,27,0.21239,0.67287,1,0.54922,0.19572
"Oocyte meiosis",128,17.649,21,0.22637,0.64518,1,0.57598,0.068207
"Insulin resistance",108,14.891,18,0.22706,0.64385,1,0.57598,0.013725
"Glioma",75,10.341,13,0.22796,0.64215,1,0.57598,0.085616
"Adipocytokine signaling pathway",69,9.5139,12,0.23633,0.62648,1,0.58965,0.035437
"Glutathione metabolism",56,7.7214,10,0.23693,0.62538,1,0.58965,0.23332
"Prolactin signaling pathway",70,9.6518,12,0.25214,0.59836,1,0.62283,0.11418
"Circadian entrainment",97,13.375,16,0.2576,0.58906,1,0.63159,0.074108
"Phagosome",152,20.958,24,0.26723,0.57312,1,0.65039,0
"Endocrine resistance",98,13.513,16,0.2714,0.56639,1,0.65403,0.1028
"Endometrial cancer",58,7.9972,10,0.27268,0.56435,1,0.65403,0.031401
"ErbB signaling pathway",85,11.72,14,0.27816,0.55571,1,0.65818,0.1526
"Oxytocin signaling pathway",153,21.096,24,0.27838,0.55536,1,0.65818,0.042632
"Axon guidance",181,24.957,28,0.28369,0.54716,1,0.66073,0.003983
"Melanoma",72,9.9276,12,0.28483,0.54541,1,0.66073,0.035985
"Progesterone-mediated oocyte maturation",99,13.65,16,0.28545,0.54447,1,0.66073,0.042308
"Hepatocellular carcinoma",168,23.164,26,0.2922,0.53433,1,0.66644,0.014631
"Cardiac muscle contraction",86,11.858,14,0.29344,0.53249,1,0.66644,0.0083056
"One carbon pool by folate",20,2.7577,4,0.29396,0.53171,1,0.66644,0.18905
"Riboflavin metabolism",8,1.1031,2,0.30438,0.51658,1,0.68349,0.025362
"Salmonella infection",80,11.031,13,0.30561,0.51483,1,0.68349,0.002551
"MAPK signaling pathway",295,40.675,44,0.30829,0.51104,1,0.6839,0.031747
"Ferroptosis",40,5.5153,7,0.30992,0.50875,1,0.6839,0.00037023
"Ascorbate and aldarate metabolism",27,3.7228,5,0.31254,0.5051,1,0.6851,0.0025399
"Long-term potentiation",67,9.2382,11,0.31475,0.50203,1,0.68541,0.64194
"Human T-cell leukemia virus 1 infection",219,30.196,33,0.31717,0.49871,1,0.68616,0.012821
"Pentose and glucuronate interconversions",34,4.688,6,0.32479,0.4884,1,0.69357,0.028753
"Propanoate metabolism",34,4.688,6,0.32479,0.4884,1,0.69357,0.082758
"Graft-versus-host disease",41,5.6532,7,0.33341,0.47702,1,0.70744,0
"Longevity regulating pathway",89,12.272,14,0.34062,0.46773,1,0.71796,0.26345
"Glycosphingolipid biosynthesis - globo and isoglobo series",15,2.0682,3,0.34271,0.46507,1,0.71796,0.31618
"Pertussis",76,10.479,12,0.35345,0.45167,1,0.73581,0.00073164
"Intestinal immune network for IgA production",49,6.7563,8,0.36176,0.44157,1,0.74358,0
"Malaria",49,6.7563,8,0.36176,0.44157,1,0.74358,0
"Legionellosis",56,7.7214,9,0.36517,0.43751,1,0.74358,0
"Human papillomavirus infection",330,45.501,48,0.36617,0.43631,1,0.74358,0.015684
"Epithelial cell signaling in Helicobacter pylori infection",70,9.6518,11,0.36963,0.43224,1,0.74602,0.0098722
"MicroRNAs in cancer",310,42.744,45,0.37747,0.42312,1,0.75274,0
"Ras signaling pathway",232,31.989,34,0.3775,0.42308,1,0.75274,0.039876
"Hedgehog signaling pathway",50,6.8942,8,0.3839,0.41578,1,0.75533,0.01039
"Hepatitis C",155,21.372,23,0.38565,0.4138,1,0.75533,0.0081615
"Cushing syndrome",155,21.372,23,0.38565,0.4138,1,0.75533,0.0086582
"Glyoxylate and dicarboxylate metabolism",30,4.1365,5,0.39951,0.39847,1,0.77787,0.035397
"GnRH signaling pathway",93,12.823,14,0.4056,0.39191,1,0.7851,0.13969
"Synthesis and degradation of ketone bodies",10,1.3788,2,0.4105,0.38669,1,0.78997,0.27593
"Selenocompound metabolism",17,2.344,3,0.42221,0.37447,1,0.80571,0.027003
"Non-small cell lung cancer",66,9.1003,10,0.42656,0.37002,1,0.80571,0.038636
"Asthma",31,4.2744,5,0.42841,0.36814,1,0.80571,0
"Galactose metabolism",31,4.2744,5,0.42841,0.36814,1,0.80571,0.099083
"NF-kappa B signaling pathway",102,14.064,15,0.43663,0.35989,1,0.81652,0.046429
"Acute myeloid leukemia",67,9.2382,10,0.44617,0.3505,1,0.82968,0.055851
"Ubiquinone and other terpenoid-quinone biosynthesis",11,1.5167,2,0.46055,0.33672,1,0.85164,0.0028728
"JAK-STAT signaling pathway",162,22.337,23,0.47439,0.32387,1,0.87044,0.57937
"Ether lipid metabolism",47,6.4805,7,0.47613,0.32227,1,0.87044,0.10797
"Cholinergic synapse",112,15.443,16,0.48071,0.31812,1,0.87044,0.048087
"Pancreatic cancer",76,10.479,11,0.48124,0.31764,1,0.87044,0.024906
"Longevity regulating pathway - multiple species",62,8.5487,9,0.48937,0.31036,1,0.88034,0.10958
"Alzheimer disease",171,23.578,24,0.49658,0.30401,1,0.88177,0.00045228
"Glycosaminoglycan biosynthesis - heparan sulfate / heparin",19,2.6198,3,0.49816,0.30263,1,0.88177,0
"Steroid biosynthesis",19,2.6198,3,0.49816,0.30263,1,0.88177,0.0012098
"Neomycin, kanamycin and gentamicin biosynthesis",5,0.68942,1,0.52385,0.28079,1,0.92231,7.1715e-05
"Porphyrin and chlorophyll metabolism",42,5.7911,6,0.5303,0.27548,1,0.92534,0.017656
"Human cytomegalovirus infection",225,31.024,31,0.53206,0.27404,1,0.92534,0.017313
"Glycosaminoglycan biosynthesis - chondroitin sulfate / dermatan sulfate",20,2.7577,3,0.5342,0.2723,1,0.92534,0.014113
"Pyrimidine metabolism",57,7.8593,8,0.53675,0.27023,1,0.92534,0.50418
"Dopaminergic synapse",131,18.063,18,0.54543,0.26326,1,0.93543,0.029147
"Non-homologous end-joining",13,1.7925,2,0.55267,0.25753,1,0.94297,0
"Retrograde endocannabinoid signaling",148,20.407,20,0.57578,0.23974,1,0.97201,0.0097533
"GABAergic synapse",89,12.272,12,0.58052,0.23618,1,0.97201,0.0074675
"Hippo signaling pathway - multiple species",29,3.9986,4,0.58116,0.2357,1,0.97201,0.0083056
"C-type lectin receptor signaling pathway",104,14.34,14,0.58237,0.2348,1,0.97201,0.003648
"Sphingolipid signaling pathway",119,16.408,16,0.58438,0.2333,1,0.97201,0.025971
"Non-alcoholic fatty liver disease (NAFLD)",149,20.545,20,0.58861,0.23018,1,0.97414,0.0095238
"Thyroid cancer",37,5.1017,5,0.59174,0.22787,1,0.97445,0.013333
"Aldosterone synthesis and secretion",98,13.513,13,0.60488,0.21833,1,0.98674,0.025362
"Peroxisome",83,11.444,11,0.60516,0.21813,1,0.98674,0
"Citrate cycle (TCA cycle)",30,4.1365,4,0.60911,0.2153,1,0.98831,0.26039
"Chronic myeloid leukemia",76,10.479,10,0.61436,0.21158,1,0.99043,0.035859
"Allograft rejection",38,5.2396,5,0.6164,0.21014,1,0.99043,0
"Insulin signaling pathway",137,18.89,18,0.62597,0.20344,1,1,0.14079
"Protein export",23,3.1713,3,0.6328,0.19873,1,1,0
"Mannose type O-glycan biosynthesis",23,3.1713,3,0.6328,0.19873,1,1,0.039894
"Circadian rhythm",31,4.2744,4,0.63588,0.19662,1,1,0
"mTOR signaling pathway",153,21.096,20,0.63826,0.195,1,1,0.11855
"Fc gamma R-mediated phagocytosis",93,12.823,12,0.64405,0.19108,1,1,0.074513
"Adherens junction",71,9.7897,9,0.65968,0.18067,1,1,0.011471
"Huntington disease",193,26.611,25,0.6651,0.17711,1,1,0.0013169
"Valine, leucine and isoleucine degradation",48,6.6184,6,0.66571,0.17672,1,1,0.58696
"Cysteine and methionine metabolism",49,6.7563,6,0.68571,0.16386,1,1,0.33643
"Fructose and mannose metabolism",33,4.5501,4,0.68574,0.16384,1,1,0.084553
"alpha-Linolenic acid metabolism",25,3.4471,3,0.68996,0.16118,1,1,0.00094268
"Inflammatory bowel disease (IBD)",65,8.9624,8,0.68996,0.16118,1,1,0.0042306
"Cortisol synthesis and secretion",65,8.9624,8,0.68996,0.16118,1,1,0.014904
"Toxoplasmosis",112,15.443,14,0.69582,0.1575,1,1,0.016393
"NOD-like receptor signaling pathway",181,24.957,23,0.69759,0.1564,1,1,0.010216
"Osteoclast differentiation",128,17.649,16,0.7033,0.15286,1,1,0.043684
"Folate biosynthesis",26,3.585,3,0.71591,0.14514,1,1,0.0093633
"Taste transduction",83,11.444,10,0.72512,0.13959,1,1,0.00020121
"Fatty acid biosynthesis",18,2.4819,2,0.73187,0.13557,1,1,0.01196
"Hepatitis B",162,22.337,20,0.73813,0.13187,1,1,0.0032794
"Amphetamine addiction",68,9.376,8,0.73829,0.13177,1,1,0.0016804
"Fc epsilon RI signaling pathway",68,9.376,8,0.73829,0.13177,1,1,0.026555
"Collecting duct acid secretion",27,3.7228,3,0.74015,0.13068,1,1,0
"Influenza A",170,23.44,21,0.74094,0.13022,1,1,0.012239
"Epstein-Barr virus infection",201,27.714,25,0.74302,0.129,1,1,0.0015687
"Renal cell carcinoma",69,9.5139,8,0.7532,0.12309,1,1,0.010965
"Autoimmune thyroid disease",53,7.3078,6,0.75764,0.12054,1,1,0
"Glycosaminoglycan degradation",19,2.6198,2,0.75936,0.11955,1,1,0.0045483
"Phototransduction",28,3.8607,3,0.76271,0.11764,1,1,0.0023127
"Chagas disease (American trypanosomiasis)",102,14.064,12,0.76593,0.11581,1,1,0.019597
"Synaptic vesicle cycle",78,10.755,9,0.76617,0.11568,1,1,0
"Nicotinate and nicotinamide metabolism",37,5.1017,4,0.77044,0.11326,1,1,0.027793
"Growth hormone synthesis, secretion and action",119,16.408,14,0.77836,0.10882,1,1,0.050179
"RNA degradation",79,10.893,9,0.77924,0.10833,1,1,0
"Toll-like receptor signaling pathway",104,14.34,12,0.78864,0.10312,1,1,0.015777
"Apoptosis",136,18.752,16,0.78993,0.10241,1,1,0.030183
"Thermogenesis",231,31.851,28,0.79856,0.097692,1,1,0.085439
"Taurine and hypotaurine metabolism",11,1.5167,1,0.80468,0.094376,1,1,0.0049261
"Pyruvate metabolism",39,5.3774,4,0.80552,0.093926,1,1,0.099903
"Bacterial invasion of epithelial cells",73,10.065,8,0.80677,0.093251,1,1,0.014396
"Viral carcinogenesis",201,27.714,24,0.80731,0.092961,1,1,0
"Kaposi sarcoma-associated herpesvirus infection",186,25.646,22,0.81264,0.090102,1,1,0.0079175
"Nicotine addiction",40,5.5153,4,0.82135,0.085471,1,1,0
"Morphine addiction",91,12.547,10,0.82336,0.084412,1,1,0.0040404
"Cocaine addiction",49,6.7563,5,0.82475,0.083678,1,1,0.00061728
"Homologous recombination",41,5.6532,4,0.83611,0.077738,1,1,0.0025641
"Apoptosis - multiple species",32,4.4123,3,0.83747,0.077029,1,1,0.010417
"Vibrio cholerae infection",50,6.8942,5,0.83806,0.076723,1,1,0.0079365
"N-Glycan biosynthesis",50,6.8942,5,0.83806,0.076723,1,1,0.1
"Leishmaniasis",76,10.479,8,0.8408,0.075308,1,1,0.012121
"VEGF signaling pathway",59,8.1351,6,0.84167,0.074856,1,1,0.039773
"Mismatch repair",23,3.1713,2,0.84618,0.072536,1,1,0
"Amyotrophic lateral sclerosis (ALS)",51,7.032,5,0.85054,0.070307,1,1,0.0010482
"Viral myocarditis",60,8.273,6,0.85308,0.069009,1,1,0.0028409
"Neurotrophin signaling pathway",119,16.408,13,0.85357,0.068759,1,1,0.15543
"Cytosolic DNA-sensing pathway",63,8.6866,6,0.88332,0.053884,1,1,0.016129
"DNA replication",36,4.9638,3,0.89097,0.050135,1,1,0
"Glycosphingolipid biosynthesis - ganglio series",15,2.0682,1,0.89221,0.049532,1,1,0.12145
"Oxidative phosphorylation",133,18.338,14,0.89361,0.048853,1,1,0
"Type II diabetes mellitus",46,6.3426,4,0.89536,0.048002,1,1,0.036559
"Parkinson disease",142,19.579,15,0.89746,0.046983,1,1,0
"Shigellosis",67,9.2382,6,0.91531,0.038432,1,1,0.0092915
"Yersinia infection",120,16.546,12,0.91589,0.038156,1,1,0.0085892
"Tuberculosis",179,24.681,19,0.91632,0.037954,1,1,0.0073159
"Pentose phosphate pathway",30,4.1365,2,0.93271,0.030255,1,1,0.03789
"Lysine degradation",61,8.4109,5,0.93661,0.028443,1,1,0.053258
"Th17 cell differentiation",107,14.753,10,0.93743,0.028059,1,1,0.0010073
"RNA polymerase",31,4.2744,2,0.94041,0.026681,1,1,0
"Human immunodeficiency virus 1 infection",212,29.231,22,0.94523,0.02446,1,1,0.0069296
"B cell receptor signaling pathway",82,11.306,7,0.94716,0.023579,1,1,0.054966
"Autophagy - other",32,4.4123,2,0.94728,0.023523,1,1,0.002381
"Various types of N-glycan biosynthesis",20,2.7577,1,0.94876,0.022846,1,1,0
"Fanconi anemia pathway",54,7.4457,4,0.95156,0.021562,1,1,0.068309
"Vasopressin-regulated water reabsorption",44,6.0669,3,0.9533,0.020768,1,1,0
"Base excision repair",33,4.5501,2,0.95338,0.020733,1,1,0
"Measles",138,19.028,13,0.95402,0.020442,1,1,0.0043412
"Endocytosis",249,34.333,26,0.9547,0.020132,1,1,0
"Purine metabolism",130,17.925,12,0.95658,0.01928,1,1,0.32927
"Proteasome",45,6.2047,3,0.95816,0.018561,1,1,0
"Terpenoid backbone biosynthesis",22,3.0334,1,0.96194,0.01685,1,1,0.00052882
"Glycerophospholipid metabolism",97,13.375,8,0.96668,0.014717,1,1,0.1778
"Glycosylphosphatidylinositol (GPI)-anchor biosynthesis",23,3.1713,1,0.96721,0.014481,1,1,0
"Amino sugar and nucleotide sugar metabolism",48,6.6184,3,0.97004,0.013209,1,1,0.018098
"PD-L1 expression and PD-1 checkpoint pathway in cancer",89,12.272,7,0.97073,0.0129,1,1,0.042247
"Autophagy - animal",137,18.89,12,0.97359,0.011626,1,1,0.10389
"Primary immunodeficiency",38,5.2396,2,0.97504,0.010977,1,1,0
"Th1 and Th2 cell differentiation",92,12.685,7,0.97751,0.0098805,1,1,0
"T cell receptor signaling pathway",104,14.34,8,0.98151,0.0081035,1,1,0.056539
"Systemic lupus erythematosus",133,18.338,11,0.98218,0.0078093,1,1,0.00037707
"Notch signaling pathway",53,7.3078,3,0.98306,0.0074197,1,1,0
"Alcoholism",184,25.37,16,0.98767,0.0053897,1,1,0.0035354
"Antigen processing and presentation",78,10.755,5,0.98774,0.0053586,1,1,0.019915
"Protein processing in endoplasmic reticulum",166,22.889,14,0.98794,0.00527,1,1,0.00017969
"Basal transcription factors",45,6.2047,2,0.98982,0.004445,1,1,0
"RIG-I-like receptor signaling pathway",70,9.6518,4,0.99102,0.0039168,1,1,0.038377
"Lysosome",123,16.96,9,0.99169,0.0036233,1,1,0
"Nucleotide excision repair",47,6.4805,2,0.99215,0.0034233,1,1,0
"Sphingolipid metabolism",47,6.4805,2,0.99215,0.0034233,1,1,0.25591
"Ribosome",153,21.096,12,0.99228,0.0033678,1,1,0
"SNARE interactions in vesicular transport",34,4.688,1,0.99363,0.0027763,1,1,0
"Mitophagy - animal",65,8.9624,3,0.99592,0.0017756,1,1,0.002551
"mRNA surveillance pathway",91,12.547,5,0.99689,0.001354,1,1,0.0037338
"RNA transport",165,22.751,12,0.99715,0.0012395,1,1,0
"Spliceosome",135,18.614,9,0.9972,0.0012191,1,1,0
"Ubiquitin mediated proteolysis",136,18.752,9,0.99745,0.0011103,1,1,0
"Natural killer cell mediated cytotoxicity",131,18.063,7,0.99951,0.00021094,1,1,0.043709
"Necroptosis",162,22.337,9,0.9998,8.6012e-05,1,1,0.027339
"Aminoacyl-tRNA biosynthesis",66,9.1003,1,0.99995,2.3237e-05,1,1,0.00010739
"Herpes simplex virus 1 infection",491,67.701,38,0.99999,2.7166e-06,1,1,0.0031807
"Ribosome biogenesis in eukaryotes",105,14.478,1,1,6.6643e-08,1,1,0
"Olfactory transduction",448,61.772,6,1,0,1,1,0.016058
