"","Total","Expected","Hits","Raw p","-log10(p)","Holm adjust","FDR","Impact"
"Bile secretion",72,8.8701,27,3.7679e-08,7.4239,1.2472e-05,1.2472e-05,0.00097125
"Complement and coagulation cascades",79,9.7325,26,1.3042e-06,5.8847,0.00043037,0.00020643,0.069501
"Protein digestion and absorption",95,11.704,29,1.8709e-06,5.7279,0.00061554,0.00020643,0
"Drug metabolism - cytochrome P450",72,8.8701,24,2.573e-06,5.5896,0.00084394,0.00021291,0.005676
"Steroid hormone biosynthesis",60,7.3917,19,6.3227e-05,4.1991,0.020675,0.0035276,0.34263
"Pancreatic secretion",102,12.566,27,7.2597e-05,4.1391,0.023667,0.0035276,0.0043695
"Pathways in cancer",531,65.417,95,7.4603e-05,4.1272,0.024246,0.0035276,0.063788
"Renin secretion",69,8.5005,20,0.0001626,3.7889,0.052683,0.0067276,0.014286
"Renin-angiotensin system",23,2.8335,10,0.00019353,3.7132,0.062512,0.0071178,0
"Chemical carcinogenesis",82,10.102,22,0.00026851,3.571,0.086461,0.0088878,0.00010033
"Tryptophan metabolism",42,5.1742,14,0.00031733,3.4985,0.10186,0.0095486,0.12096
"Viral protein interaction with cytokine and cytokine receptor",100,12.32,25,0.00034973,3.4563,0.11191,0.0096467,0
"Proteoglycans in cancer",204,25.132,42,0.00047782,3.3207,0.15242,0.011419,0.0061474
"Amoebiasis",102,12.566,25,0.00048299,3.3161,0.15359,0.011419,0.00084746
"PPAR signaling pathway",76,9.3629,20,0.0006596,3.1807,0.20909,0.014532,0.0055523
"ABC transporters",45,5.5438,14,0.00070244,3.1534,0.22197,0.014532,0
"Bladder cancer",41,5.051,13,0.00088604,3.0525,0.2791,0.017252,0.0080645
"Arachidonic acid metabolism",63,7.7613,17,0.0012105,2.917,0.38009,0.02226,0.37092
"Metabolism of xenobiotics by cytochrome P450",76,9.3629,19,0.0017296,2.762,0.54138,0.030132,0.0052313
"ECM-receptor interaction",88,10.841,21,0.001905,2.7201,0.59436,0.031528,0.00014569
"Cholesterol metabolism",50,6.1598,14,0.0021894,2.6597,0.68091,0.034332,7.0028e-05
"PI3K-Akt signaling pathway",354,43.611,62,0.0022819,2.6417,0.70739,0.034332,0.26043
"Primary bile acid biosynthesis",17,2.0943,7,0.0026743,2.5728,0.82637,0.038487,0.3125
"Serotonergic synapse",115,14.168,25,0.0029773,2.5262,0.91699,0.039816,0.0061605
"Tyrosine metabolism",36,4.435,11,0.0030265,2.5191,0.92915,0.039816,0.18872
"Thyroid hormone synthesis",74,9.1165,18,0.0031275,2.5048,0.95702,0.039816,0.006495
"Glycosphingolipid biosynthesis - lacto and neolacto series",27,3.3263,9,0.0037303,2.4283,1,0.045361,0.17397
"Aldosterone-regulated sodium reabsorption",37,4.5582,11,0.0038371,2.416,1,0.045361,0.085979
"Cytokine-cytokine receptor interaction",294,36.22,52,0.0040647,2.391,1,0.046393,0
"AGE-RAGE signaling pathway in diabetic complications",100,12.32,22,0.0044293,2.3537,1,0.047382,0.037313
"TGF-beta signaling pathway",94,11.58,21,0.0044376,2.3529,1,0.047382,0.025633
"Histidine metabolism",23,2.8335,8,0.0046037,2.3369,1,0.047619,0.081438
"Ovarian steroidogenesis",49,6.0366,13,0.0051757,2.286,1,0.051914,0.0085601
"Pantothenate and CoA biosynthesis",19,2.3407,7,0.0055518,2.2556,1,0.054049,0.22154
"Chemokine signaling pathway",189,23.284,35,0.008278,2.0821,1,0.078286,0.13236
"beta-Alanine metabolism",31,3.8191,9,0.010203,1.9913,1,0.093811,0.36276
"Maturity onset diabetes of the young",26,3.2031,8,0.010487,1.9793,1,0.093816,0.011586
"Cell adhesion molecules (CAMs)",147,18.11,28,0.011781,1.9288,1,0.098971,7.1469e-05
"African trypanosomiasis",37,4.5582,10,0.011795,1.9283,1,0.098971,0.0015873
"Hypertrophic cardiomyopathy (HCM)",90,11.088,19,0.012259,1.9115,1,0.098971,0.0014493
"Salivary secretion",90,11.088,19,0.012259,1.9115,1,0.098971,0.014079
"Nitrogen metabolism",17,2.0943,6,0.0128,1.8928,1,0.10087,0.0019324
"Fatty acid elongation",27,3.3263,8,0.013332,1.8751,1,0.10262,0.0092502
"Retinol metabolism",67,8.2541,15,0.014592,1.8359,1,0.10977,0.13279
"Arginine and proline metabolism",50,6.1598,12,0.01612,1.7926,1,0.11857,0.082375
"Proximal tubule bicarbonate reclamation",23,2.8335,7,0.017399,1.7595,1,0.1252,0
"Gastric acid secretion",75,9.2397,16,0.01864,1.7295,1,0.13128,0.018854
"GnRH secretion",64,7.8845,14,0.021773,1.6621,1,0.15014,0.15079
"cAMP signaling pathway",216,26.61,37,0.022406,1.6496,1,0.15016,0.36032
"Staphylococcus aureus infection",96,11.827,19,0.023581,1.6274,1,0.15016,0.0083056
"Dilated cardiomyopathy (DCM)",96,11.827,19,0.023581,1.6274,1,0.15016,0.013414
"Arrhythmogenic right ventricular cardiomyopathy (ARVC)",77,9.4861,16,0.02359,1.6273,1,0.15016,0
"Starch and sucrose metabolism",36,4.435,9,0.027186,1.5657,1,0.16978,0.25659
"Hematopoietic cell lineage",98,12.073,19,0.02874,1.5415,1,0.17617,0
"Phosphatidylinositol signaling system",99,12.196,19,0.031617,1.5001,1,0.19028,0.74724
"Wnt signaling pathway",160,19.711,28,0.033622,1.4734,1,0.19805,0.075128
"Signaling pathways regulating pluripotency of stem cells",140,17.247,25,0.034665,1.4601,1,0.19805,0.0091521
"Inflammatory mediator regulation of TRP channels",100,12.32,19,0.034703,1.4596,1,0.19805,0.018003
"Arginine biosynthesis",21,2.5871,6,0.036572,1.4368,1,0.20243,0.28025
"Rap1 signaling pathway",210,25.871,35,0.037106,1.4306,1,0.20243,0.014913
"Glutathione metabolism",56,6.899,12,0.037305,1.4282,1,0.20243,0.23815
"Phospholipase D signaling pathway",148,18.233,26,0.037937,1.4209,1,0.20253,0.19698
"Central carbon metabolism in cancer",69,8.5005,14,0.039473,1.4037,1,0.20597,0.010311
"Neuroactive ligand-receptor interaction",340,41.887,53,0.039826,1.3998,1,0.20597,0
"Mineral absorption",58,7.1454,12,0.047454,1.3237,1,0.24165,0.00014006
"Butanoate metabolism",28,3.4495,7,0.048818,1.3114,1,0.24188,0.13533
"Phenylalanine metabolism",17,2.0943,5,0.04896,1.3102,1,0.24188,0.0072379
"Glycine, serine and threonine metabolism",40,4.9278,9,0.050617,1.2957,1,0.24638,0.23318
"Leukocyte transendothelial migration",112,13.798,20,0.0546,1.2628,1,0.26192,0.02652
"Drug metabolism - other enzymes",79,9.7325,15,0.056539,1.2477,1,0.26328,0.098885
"Carbohydrate digestion and absorption",47,5.7902,10,0.056843,1.2453,1,0.26328,0.0040984
"Hippo signaling pathway",154,18.972,26,0.057489,1.2404,1,0.26328,0.0080567
"Fat digestion and absorption",41,5.051,9,0.058066,1.2361,1,0.26328,0
"Long-term depression",60,7.3917,12,0.059352,1.2266,1,0.26548,0.052174
"Rheumatoid arthritis",93,11.457,17,0.060298,1.2197,1,0.26612,0
"Glutamatergic synapse",114,14.044,20,0.063647,1.1962,1,0.2772,0.046584
"Adrenergic signaling in cardiomyocytes",149,18.356,25,0.065399,1.1844,1,0.28113,0.049497
"Gap junction",88,10.841,16,0.069668,1.157,1,0.29564,0.050905
"Mucin type O-glycan biosynthesis",31,3.8191,7,0.07857,1.1047,1,0.3292,0.23611
"Fatty acid degradation",44,5.4206,9,0.084467,1.0733,1,0.34948,0.62677
"Tight junction",169,20.82,27,0.092617,1.0333,1,0.37847,0.011047
"Focal adhesion",199,24.516,31,0.098216,1.0078,1,0.39646,0.58814
"Gastric cancer",149,18.356,24,0.10067,0.9971,1,0.3989,0.014373
"EGFR tyrosine kinase inhibitor resistance",79,9.7325,14,0.10123,0.99468,1,0.3989,0.26809
"Glycosphingolipid biosynthesis - globo and isoglobo series",15,1.8479,4,0.10321,0.98629,1,0.4019,0.47948
"Calcium signaling pathway",193,23.777,30,0.10462,0.98039,1,0.40266,0.03446
"Pathogenic Escherichia coli infection",201,24.762,31,0.10834,0.96523,1,0.41217,0.011806
"Melanogenesis",101,12.443,17,0.11098,0.95476,1,0.41384,0.028541
"Ferroptosis",40,4.9278,8,0.11127,0.95361,1,0.41384,0.00037023
"Synthesis and degradation of ketone bodies",10,1.232,3,0.11542,0.93771,1,0.42334,0.48889
"D-Glutamine and D-glutamate metabolism",5,0.61598,2,0.11766,0.92935,1,0.42334,0.029167
"Caffeine metabolism",5,0.61598,2,0.11766,0.92935,1,0.42334,0.047126
"Phagosome",152,18.726,24,0.119,0.92445,1,0.42354,0
"Estrogen signaling pathway",138,17.001,22,0.12173,0.9146,1,0.42864,0.069891
"Platelet activation",124,15.276,20,0.12415,0.90607,1,0.43255,0.19313
"Prion diseases",35,4.3119,7,0.13143,0.88129,1,0.45318,0
"Basal cell carcinoma",63,7.7613,11,0.14621,0.83502,1,0.49892,0.11667
"AMPK signaling pathway",120,14.783,19,0.1493,0.82594,1,0.50427,0.05342
"Type I diabetes mellitus",43,5.2974,8,0.15218,0.81765,1,0.5088,0
"Oocyte meiosis",128,15.769,20,0.15564,0.80787,1,0.51518,0.058263
"Colorectal cancer",86,10.595,14,0.1676,0.77573,1,0.54388,0.027644
"Insulin secretion",86,10.595,14,0.1676,0.77573,1,0.54388,0.055294
"Antifolate resistance",31,3.8191,6,0.17479,0.75749,1,0.55866,0
"IL-17 signaling pathway",94,11.58,15,0.17643,0.75344,1,0.55866,0
"Cellular senescence",160,19.711,24,0.17722,0.75149,1,0.55866,0.02962
"Oxytocin signaling pathway",153,18.849,23,0.1806,0.74328,1,0.56395,0.042982
"Vascular smooth muscle contraction",132,16.262,20,0.19113,0.71867,1,0.591,0.073642
"Breast cancer",147,18.11,22,0.19284,0.71481,1,0.591,0.017227
"Inositol phosphate metabolism",74,9.1165,12,0.19471,0.71061,1,0.59128,0.5576
"Glioma",75,9.2397,12,0.20765,0.68267,1,0.61272,0.074962
"Prostate cancer",97,11.95,15,0.20971,0.67839,1,0.61272,0.051296
"Circadian entrainment",97,11.95,15,0.20971,0.67839,1,0.61272,0.062008
"Glycolysis or Gluconeogenesis",68,8.3773,11,0.21042,0.6769,1,0.61272,0.46024
"TNF signaling pathway",112,13.798,17,0.21284,0.67195,1,0.61272,0.001933
"Glycerolipid metabolism",61,7.5149,10,0.21288,0.67187,1,0.61272,0.18359
"Choline metabolism in cancer",98,12.073,15,0.22139,0.65485,1,0.63172,0.026125
"One carbon pool by folate",20,2.4639,4,0.22646,0.645,1,0.63359,0.11388
"Parathyroid hormone synthesis, secretion and action",106,13.059,16,0.2285,0.64112,1,0.63359,0.020024
"Regulation of lipolysis in adipocytes",55,6.7758,9,0.23095,0.63649,1,0.63359,0.019209
"Progesterone-mediated oocyte maturation",99,12.196,15,0.23334,0.632,1,0.63359,0.041667
"Valine, leucine and isoleucine degradation",48,5.9134,8,0.23347,0.63177,1,0.63359,0.67274
"Propanoate metabolism",34,4.1887,6,0.23543,0.62814,1,0.63359,0.082758
"Relaxin signaling pathway",129,15.892,19,0.23544,0.62812,1,0.63359,0.11717
"cGMP-PKG signaling pathway",167,20.574,24,0.23848,0.62255,1,0.63394,0.13279
"Apelin signaling pathway",137,16.878,20,0.24057,0.61876,1,0.63394,0.057117
"Regulation of actin cytoskeleton",213,26.241,30,0.24132,0.61741,1,0.63394,0.23102
"Hepatocellular carcinoma",168,20.697,24,0.24792,0.60569,1,0.63501,0.012893
"GnRH signaling pathway",93,11.457,14,0.25112,0.60011,1,0.63501,0.14246
"Intestinal immune network for IgA production",49,6.0366,8,0.25132,0.59978,1,0.63501,0
"Malaria",49,6.0366,8,0.25132,0.59978,1,0.63501,0
"Cysteine and methionine metabolism",49,6.0366,8,0.25132,0.59978,1,0.63501,0.40099
"Cardiac muscle contraction",86,10.595,13,0.25687,0.59029,1,0.63731,0.0083056
"FoxO signaling pathway",131,16.139,19,0.25705,0.58999,1,0.63731,0.014391
"Riboflavin metabolism",8,0.98557,2,0.25801,0.58837,1,0.63731,0.025362
"Fluid shear stress and atherosclerosis",139,17.124,20,0.26173,0.58214,1,0.6383,0.0079945
"Cell cycle",124,15.276,18,0.26327,0.5796,1,0.6383,0.14174
"HIF-1 signaling pathway",109,13.428,16,0.26419,0.57808,1,0.6383,0.071213
"Melanoma",72,8.8701,11,0.2689,0.57041,1,0.64496,0.035985
"Transcriptional misregulation in cancer",186,22.914,26,0.27377,0.56262,1,0.65192,0
"Alanine, aspartate and glutamate metabolism",36,4.435,6,0.27896,0.55446,1,0.65629,0.047814
"MAPK signaling pathway",295,36.343,40,0.27957,0.55351,1,0.65629,0.044838
"Platinum drug resistance",73,8.9933,11,0.28429,0.54624,1,0.66267,0.013605
"Non-small cell lung cancer",66,8.1309,10,0.29157,0.53526,1,0.67489,0.038636
"Longevity regulating pathway",89,10.964,13,0.29883,0.52458,1,0.68689,0.26345
"Glyoxylate and dicarboxylate metabolism",30,3.6959,5,0.30753,0.51212,1,0.6893,0.028474
"Citrate cycle (TCA cycle)",30,3.6959,5,0.30753,0.51212,1,0.6893,0.30735
"Acute myeloid leukemia",67,8.2541,10,0.30821,0.51116,1,0.6893,0.055851
"Long-term potentiation",67,8.2541,10,0.30821,0.51116,1,0.6893,0.51505
"Glucagon signaling pathway",106,13.059,15,0.32339,0.49027,1,0.7184,0.01293
"Endocrine and other factor-regulated calcium reabsorption",53,6.5294,8,0.32632,0.48636,1,0.72008,0.0048701
"Pancreatic cancer",76,9.3629,11,0.33184,0.47908,1,0.72053,0.024906
"Asthma",31,3.8191,5,0.33305,0.47749,1,0.72053,0
"Galactose metabolism",31,3.8191,5,0.33305,0.47749,1,0.72053,0.099083
"Vitamin digestion and absorption",24,2.9567,4,0.34202,0.46595,1,0.73151,0
"Small cell lung cancer",92,11.334,13,0.34255,0.46528,1,0.73151,0.036275
"Selenocompound metabolism",17,2.0943,3,0.35019,0.4557,1,0.74303,0.027003
"ErbB signaling pathway",85,10.472,12,0.35308,0.45213,1,0.74439,0.15068
"Fc gamma R-mediated phagocytosis",93,11.457,13,0.35741,0.44684,1,0.74874,0.084578
"Graft-versus-host disease",41,5.051,6,0.39331,0.40526,1,0.81057,0
"p53 signaling pathway",72,8.8701,10,0.39396,0.40454,1,0.81057,0
"Thyroid hormone signaling pathway",119,14.66,16,0.39427,0.40421,1,0.81057,0.029021
"Salmonella infection",80,9.8557,11,0.39732,0.40086,1,0.8118,0.002551
"Taurine and hypotaurine metabolism",11,1.3552,2,0.40067,0.39722,1,0.81362,0.0098522
"Pyrimidine metabolism",57,7.0222,8,0.40454,0.39304,1,0.81648,0.47925
"Valine, leucine and isoleucine biosynthesis",4,0.49278,1,0.40903,0.38824,1,0.81797,0.0061538
"Pentose and glucuronate interconversions",34,4.1887,5,0.41022,0.38698,1,0.81797,0.028753
"Porphyrin and chlorophyll metabolism",42,5.1742,6,0.41643,0.38046,1,0.82371,0.016391
"Glycosaminoglycan biosynthesis - heparan sulfate / heparin",19,2.3407,3,0.42057,0.37616,1,0.82371,0
"Steroid biosynthesis",19,2.3407,3,0.42057,0.37616,1,0.82371,0.0012098
"Endometrial cancer",58,7.1454,8,0.42421,0.37242,1,0.82595,0.031401
"Ascorbate and aldarate metabolism",27,3.3263,4,0.43013,0.3664,1,0.8326,0.0018142
"Peroxisome",83,10.225,11,0.44692,0.34977,1,0.85829,0
"Dopaminergic synapse",131,16.139,17,0.44859,0.34815,1,0.85829,0.029147
"Retrograde endocannabinoid signaling",148,18.233,19,0.461,0.3363,1,0.86676,0.0097533
"Insulin resistance",108,13.305,14,0.46273,0.33468,1,0.86676,0.011002
"Fc epsilon RI signaling pathway",68,8.3773,9,0.46348,0.33396,1,0.86676,0.02935
"Pertussis",76,9.3629,10,0.46349,0.33396,1,0.86676,0.00073164
"Axon guidance",181,22.298,23,0.47067,0.32728,1,0.87395,0.0036202
"Renal cell carcinoma",69,8.5005,9,0.48169,0.31723,1,0.87395,0.010965
"Adipocytokine signaling pathway",69,8.5005,9,0.48169,0.31723,1,0.87395,0.035437
"Neomycin, kanamycin and gentamicin biosynthesis",5,0.61598,1,0.48187,0.31707,1,0.87395,7.1715e-05
"Thyroid cancer",37,4.5582,5,0.48601,0.31336,1,0.87395,0.013333
"Hippo signaling pathway - multiple species",29,3.5727,4,0.48716,0.31233,1,0.87395,0.0083056
"Linoleic acid metabolism",29,3.5727,4,0.48716,0.31233,1,0.87395,0.046992
"Non-homologous end-joining",13,1.6015,2,0.48846,0.31117,1,0.87395,0
"Synaptic vesicle cycle",78,9.6093,10,0.49783,0.30292,1,0.87834,0
"Epithelial cell signaling in Helicobacter pylori infection",70,8.6237,9,0.49975,0.30125,1,0.87834,0.0017422
"Longevity regulating pathway - multiple species",62,7.6381,8,0.50189,0.29939,1,0.87834,0.10958
"Human papillomavirus infection",330,40.655,41,0.50267,0.29872,1,0.87834,0.015684
"Sphingolipid signaling pathway",119,14.66,15,0.50418,0.29741,1,0.87834,0.025865
"Human cytomegalovirus infection",225,27.719,28,0.50821,0.29395,1,0.88072,0.014727
"Adherens junction",71,8.7469,9,0.51763,0.28598,1,0.89237,0.011471
"C-type lectin receptor signaling pathway",104,12.812,13,0.52265,0.28179,1,0.89636,0.0017544
"Human T-cell leukemia virus 1 infection",219,26.98,27,0.53003,0.2757,1,0.90382,0.0050686
"JAK-STAT signaling pathway",162,19.958,20,0.53246,0.27371,1,0.90382,0.57937
"Circadian rhythm",31,3.8191,4,0.54172,0.26622,1,0.90482,0
"GABAergic synapse",89,10.964,11,0.54413,0.2643,1,0.90482,0.0074675
"Vitamin B6 metabolism",6,0.73917,1,0.54574,0.26301,1,0.90482,0.010796
"Hepatitis C",155,19.095,19,0.54672,0.26224,1,0.90482,0.0081615
"Cushing syndrome",155,19.095,19,0.54672,0.26224,1,0.90482,0.0083833
"Mannose type O-glycan biosynthesis",23,2.8335,3,0.55174,0.25827,1,0.90535,0.039894
"Aldosterone synthesis and secretion",98,12.073,12,0.55557,0.25526,1,0.90535,0.025362
"Endocrine resistance",98,12.073,12,0.55557,0.25526,1,0.90535,0.087474
"Inflammatory bowel disease (IBD)",65,8.0077,8,0.55798,0.25338,1,0.90535,0.0042306
"Glycosphingolipid biosynthesis - ganglio series",15,1.8479,2,0.56774,0.24585,1,0.91669,0.12492
"Ras signaling pathway",232,28.581,28,0.57775,0.23826,1,0.92832,0.038779
"Hedgehog signaling pathway",50,6.1598,6,0.59219,0.22754,1,0.94237,0.01039
"N-Glycan biosynthesis",50,6.1598,6,0.59219,0.22754,1,0.94237,0.10227
"MicroRNAs in cancer",310,38.191,37,0.60996,0.2147,1,0.96602,0
"mTOR signaling pathway",153,18.849,18,0.62089,0.20698,1,0.97864,0.11855
"Cholinergic synapse",112,13.798,13,0.63477,0.19738,1,0.9956,0.043716
"Folate biosynthesis",26,3.2031,3,0.63766,0.19541,1,0.9956,0.0093633
"Prolactin signaling pathway",70,8.6237,8,0.64477,0.1906,1,1,0.052644
"RNA degradation",79,9.7325,9,0.65091,0.18648,1,1,0
"Collecting duct acid secretion",27,3.3263,3,0.6636,0.17809,1,1,0
"Fatty acid biosynthesis",18,2.2175,2,0.66926,0.17441,1,1,0.01196
"Non-alcoholic fatty liver disease (NAFLD)",149,18.356,17,0.67099,0.17329,1,1,0.0095238
"Phototransduction",28,3.4495,3,0.68817,0.16231,1,1,0.0023127
"Ether lipid metabolism",47,5.7902,5,0.70352,0.15272,1,1,0.10797
"Legionellosis",56,6.899,6,0.70354,0.15271,1,1,0
"Cortisol synthesis and secretion",65,8.0077,7,0.70473,0.15197,1,1,0.014904
"Allograft rejection",38,4.6814,4,0.70553,0.15149,1,1,0
"Taste transduction",83,10.225,9,0.70903,0.14933,1,1,0.00020121
"Hepatitis B",162,19.958,18,0.71712,0.14441,1,1,0.0033235
"Growth hormone synthesis, secretion and action",119,14.66,13,0.72066,0.14227,1,1,0.049155
"Alzheimer disease",171,21.066,19,0.72083,0.14217,1,1,0.00045228
"Osteoclast differentiation",128,15.769,14,0.72378,0.14039,1,1,0.036696
"Pyruvate metabolism",39,4.8046,4,0.72507,0.13962,1,1,0.099903
"NF-kappa B signaling pathway",102,12.566,11,0.72678,0.1386,1,1,0.0046202
"Insulin signaling pathway",137,16.878,15,0.72693,0.13851,1,1,0.12937
"Chronic myeloid leukemia",76,9.3629,8,0.73481,0.13382,1,1,0.035859
"Amphetamine addiction",68,8.3773,7,0.74889,0.12558,1,1,0.00056012
"VEGF signaling pathway",59,7.2685,6,0.75081,0.12447,1,1,0.039773
"RNA polymerase",31,3.8191,3,0.75371,0.12279,1,1,0
"Homologous recombination",41,5.051,4,0.76121,0.1185,1,1,0.0025641
"Huntington disease",193,23.777,21,0.76236,0.11784,1,1,0.0013169
"Ubiquinone and other terpenoid-quinone biosynthesis",11,1.3552,1,0.76476,0.11647,1,1,0.0023256
"Amyotrophic lateral sclerosis (ALS)",51,6.283,5,0.77002,0.1135,1,1,0.0027952
"Terpenoid backbone biosynthesis",22,2.7103,2,0.77358,0.11149,1,1,0.022739
"Parkinson disease",142,17.494,15,0.77597,0.11015,1,1,0
"Fructose and mannose metabolism",33,4.0655,3,0.79092,0.10187,1,1,0.035718
"Protein export",23,2.8335,2,0.79471,0.099791,1,1,0
"Mismatch repair",23,2.8335,2,0.79471,0.099791,1,1,0
"Autoimmune thyroid disease",53,6.5294,5,0.79872,0.097608,1,1,0
"Cytosolic DNA-sensing pathway",63,7.7613,6,0.80496,0.094224,1,1,0
"Morphine addiction",91,11.211,9,0.80528,0.094051,1,1,0.0040404
"Bacterial invasion of epithelial cells",73,8.9933,7,0.81164,0.090635,1,1,0.014396
"Epstein-Barr virus infection",201,24.762,21,0.82213,0.085058,1,1,0.0025782
"Proteasome",45,5.5438,4,0.82227,0.084984,1,1,0
"Toll-like receptor signaling pathway",104,12.812,10,0.84045,0.075489,1,1,0.016853
"Leishmaniasis",76,9.3629,7,0.84304,0.07415,1,1,0.0020202
"Thermogenesis",231,28.458,24,0.84343,0.073949,1,1,0.076844
"Oxidative phosphorylation",133,16.385,13,0.85031,0.07042,1,1,0
"Nicotinate and nicotinamide metabolism",37,4.5582,3,0.85134,0.069895,1,1,0.020545
"Tuberculosis",179,22.052,18,0.85343,0.068832,1,1,0.0068988
"Influenza A",170,20.943,17,0.85373,0.06868,1,1,0.0019407
"Cocaine addiction",49,6.0366,4,0.86983,0.060565,1,1,0.00061728
"Viral carcinogenesis",201,24.762,20,0.87576,0.057617,1,1,0
"Viral myocarditis",60,7.3917,5,0.8774,0.0568,1,1,0.0028409
"Vibrio cholerae infection",50,6.1598,4,0.87986,0.055589,1,1,0.0039683
"Nicotine addiction",40,4.9278,3,0.88609,0.052521,1,1,0
"Lysine degradation",61,7.5149,5,0.88618,0.052479,1,1,0.054454
"Yersinia infection",120,14.783,11,0.88843,0.051375,1,1,0.008114
"Purine metabolism",130,16.015,12,0.89157,0.049846,1,1,0.22006
"Kaposi sarcoma-associated herpesvirus infection",186,22.914,18,0.89228,0.049497,1,1,0.0062277
"Toxoplasmosis",112,13.798,10,0.89788,0.046779,1,1,0.0030055
"NOD-like receptor signaling pathway",181,22.298,17,0.91179,0.040103,1,1,0.0063517
"Fanconi anemia pathway",54,6.6526,4,0.91353,0.039278,1,1,0.068309
"Autophagy - other",32,3.9423,2,0.91859,0.03688,1,1,0.002381
"Vasopressin-regulated water reabsorption",44,5.4206,3,0.92108,0.0357,1,1,0
"Apoptosis",136,16.755,12,0.92209,0.035229,1,1,0.019042
"Th17 cell differentiation",107,13.182,9,0.92357,0.034528,1,1,0.0010073
"Base excision repair",33,4.0655,2,0.92682,0.033003,1,1,0
"Various types of N-glycan biosynthesis",20,2.4639,1,0.92812,0.032394,1,1,0
"Glycosaminoglycan biosynthesis - chondroitin sulfate / dermatan sulfate",20,2.4639,1,0.92812,0.032394,1,1,0.013105
"Neurotrophin signaling pathway",119,14.66,10,0.93296,0.030135,1,1,0.1479
"Type II diabetes mellitus",46,5.667,3,0.93462,0.029366,1,1,0.036559
"Sphingolipid metabolism",47,5.7902,3,0.94055,0.026619,1,1,0.33271
"Chagas disease (American trypanosomiasis)",102,12.566,8,0.94542,0.024376,1,1,0.011035
"Amino sugar and nucleotide sugar metabolism",48,5.9134,3,0.94598,0.024118,1,1,0.018098
"DNA replication",36,4.435,2,0.94706,0.023623,1,1,0
"B cell receptor signaling pathway",82,10.102,6,0.94887,0.022791,1,1,0.051293
"Glycosylphosphatidylinositol (GPI)-anchor biosynthesis",23,2.8335,1,0.9516,0.021543,1,1,0
"Primary immunodeficiency",38,4.6814,2,0.95746,0.018882,1,1,0
"Autophagy - animal",137,16.878,11,0.95949,0.01796,1,1,0.10347
"Measles",138,17.001,11,0.962,0.016824,1,1,0.0040858
"alpha-Linolenic acid metabolism",25,3.0799,1,0.96283,0.016452,1,1,0.00094268
"Glycerophospholipid metabolism",97,11.95,7,0.96322,0.016275,1,1,0.18384
"Notch signaling pathway",53,6.5294,3,0.96685,0.014642,1,1,0
"Endocytosis",249,30.676,22,0.9685,0.013901,1,1,0
"PD-L1 expression and PD-1 checkpoint pathway in cancer",89,10.964,6,0.97059,0.012966,1,1,0.040111
"Human immunodeficiency virus 1 infection",212,26.117,18,0.97107,0.012748,1,1,0.0063966
"Shigellosis",67,8.2541,4,0.97253,0.012096,1,1,0.0023229
"Lysosome",123,15.153,9,0.97409,0.011402,1,1,0
"Th1 and Th2 cell differentiation",92,11.334,6,0.97698,0.010116,1,1,0
"T cell receptor signaling pathway",104,12.812,7,0.97858,0.0094053,1,1,0.044064
"Nucleotide excision repair",47,5.7902,2,0.98446,0.006804,1,1,0
"Apoptosis - multiple species",32,3.9423,1,0.98524,0.0064573,1,1,0.0085227
"Ribosome",153,18.849,11,0.98619,0.0060405,1,1,0
"Systemic lupus erythematosus",133,16.385,9,0.98761,0.0054158,1,1,0.00037707
"Protein processing in endoplasmic reticulum",166,20.45,12,0.98835,0.0050882,1,1,0.00017969
"SNARE interactions in vesicular transport",34,4.1887,1,0.98867,0.0049499,1,1,0
"mRNA surveillance pathway",91,11.211,5,0.99091,0.0039663,1,1,0.0037338
"Spliceosome",135,16.631,8,0.99569,0.0018745,1,1,0
"Ubiquitin mediated proteolysis",136,16.755,8,0.99604,0.0017234,1,1,0
"Basal transcription factors",45,5.5438,1,0.99735,0.0011516,1,1,0
"Antigen processing and presentation",78,9.6093,3,0.99758,0.0010532,1,1,0.00071124
"Mitophagy - animal",65,8.0077,2,0.99809,0.00083191,1,1,0
"Alcoholism",184,22.668,11,0.99869,0.00056981,1,1,0.0026263
"RIG-I-like receptor signaling pathway",70,8.6237,2,0.99895,0.00045837,1,1,0.024279
"Natural killer cell mediated cytotoxicity",131,16.139,6,0.99932,0.00029468,1,1,0.042973
"RNA transport",165,20.327,8,0.9997,0.00013175,1,1,0
"Aminoacyl-tRNA biosynthesis",66,8.1309,1,0.99984,7.124e-05,1,1,0.00010739
"Necroptosis",162,19.958,7,0.99988,5.1423e-05,1,1,0.027339
"Herpes simplex virus 1 infection",491,60.489,33,0.99999,4.324e-06,1,1,0.002718
"Ribosome biogenesis in eukaryotes",105,12.936,1,1,3.9808e-07,1,1,0
"Olfactory transduction",448,55.192,5,1,0,1,1,0.016058
