"","Total","Expected","Hits","Raw p","-log10(p)","Holm adjust","FDR","Impact"
"Complement and coagulation cascades",79,11.603,36,4.0719e-11,10.39,1.3478e-08,1.3478e-08,0.073572
"Bile secretion",72,10.575,31,5.1358e-09,8.2894,1.6948e-06,8.4997e-07,0.00097125
"Protein digestion and absorption",95,13.953,33,7.7678e-07,6.1097,0.00025556,8.5704e-05,0
"Drug metabolism - cytochrome P450",72,10.575,27,1.4273e-06,5.8455,0.00046816,0.00010415,0.0057667
"Amoebiasis",102,14.981,34,1.5732e-06,5.8032,0.00051444,0.00010415,0.00084746
"Chemical carcinogenesis",82,12.044,29,2.3767e-06,5.624,0.00077479,0.00013111,0.00015767
"Steroid hormone biosynthesis",60,8.8124,23,5.5418e-06,5.2563,0.0018011,0.00026205,0.37432
"Pancreatic secretion",102,14.981,32,1.3361e-05,4.8742,0.0043291,0.00055282,0.0043695
"ECM-receptor interaction",88,12.925,28,3.429e-05,4.4648,0.011076,0.0012611,0.00014569
"Tryptophan metabolism",42,6.1687,17,4.073e-05,4.3901,0.013115,0.0013481,0.19635
"Pathways in cancer",531,77.989,110,6.2499e-05,4.2041,0.020062,0.0018807,0.068231
"Tyrosine metabolism",36,5.2874,15,7.7503e-05,4.1107,0.024801,0.0021378,0.34301
"TGF-beta signaling pathway",94,13.806,28,0.00012649,3.898,0.04035,0.0030853,0.028956
"PPAR signaling pathway",76,11.162,24,0.00013982,3.8544,0.044463,0.0030853,0.0055523
"Metabolism of xenobiotics by cytochrome P450",76,11.162,24,0.00013982,3.8544,0.044463,0.0030853,0.0074355
"Histidine metabolism",23,3.3781,11,0.00016117,3.7927,0.050929,0.003167,0.097832
"Viral protein interaction with cytokine and cytokine receptor",100,14.687,29,0.00016266,3.7887,0.051237,0.003167,0
"Nitrogen metabolism",17,2.4968,9,0.00024568,3.6096,0.077144,0.0045178,0.0057971
"Bladder cancer",41,6.0218,15,0.0004296,3.3669,0.13446,0.007256,0.0080645
"Arachidonic acid metabolism",63,9.253,20,0.00045596,3.3411,0.14226,0.007256,0.37141
"Proteoglycans in cancer",204,29.962,48,0.00046035,3.3369,0.14317,0.007256,0.0062018
"Cholesterol metabolism",50,7.3436,17,0.00049351,3.3067,0.15299,0.007425,7.0028e-05
"Renin secretion",69,10.134,21,0.00062533,3.2039,0.19323,0.0089993,0.014286
"Renin-angiotensin system",23,3.3781,10,0.0008265,3.0828,0.25456,0.010943,0
"Proximal tubule bicarbonate reclamation",23,3.3781,10,0.0008265,3.0828,0.25456,0.010943,0
"Serotonergic synapse",115,16.89,30,0.0009204,3.036,0.28164,0.011717,0.0061605
"Retinol metabolism",67,9.8405,20,0.0010947,2.9607,0.33389,0.01342,0.1835
"PI3K-Akt signaling pathway",354,51.993,73,0.0012379,2.9073,0.37632,0.014633,0.27072
"ABC transporters",45,6.6093,15,0.0013156,2.8809,0.39864,0.015016,0
"Phenylalanine metabolism",17,2.4968,8,0.0014905,2.8267,0.45012,0.015914,0.01966
"Primary bile acid biosynthesis",17,2.4968,8,0.0014905,2.8267,0.45012,0.015914,0.3136
"African trypanosomiasis",37,5.4343,13,0.0015832,2.8005,0.47495,0.016376,0.0015873
"AGE-RAGE signaling pathway in diabetic complications",100,14.687,26,0.0020674,2.6846,0.61816,0.020737,0.037752
"Cytokine-cytokine receptor interaction",294,43.181,61,0.0026088,2.5836,0.77741,0.025397,0
"Chemokine signaling pathway",189,27.759,42,0.0032419,2.4892,0.96286,0.03066,0.14199
"Glycosphingolipid biosynthesis - lacto and neolacto series",27,3.9656,10,0.003493,2.4568,1,0.031567,0.19142
"Pantothenate and CoA biosynthesis",19,2.7906,8,0.0035287,2.4524,1,0.031567,0.22154
"Thyroid hormone synthesis",74,10.869,20,0.0040314,2.3945,1,0.035115,0.006495
"Fat digestion and absorption",41,6.0218,13,0.0044455,2.3521,1,0.03773,0
"Salivary secretion",90,13.219,23,0.0045953,2.3377,1,0.038026,0.017805
"Aldosterone-regulated sodium reabsorption",37,5.4343,12,0.0050419,2.2974,1,0.040704,0.085979
"Cell adhesion molecules (CAMs)",147,21.59,33,0.0072238,2.1412,1,0.05693,7.1469e-05
"IL-17 signaling pathway",94,13.806,23,0.0080676,2.0933,1,0.062101,0.00099875
"EGFR tyrosine kinase inhibitor resistance",79,11.603,20,0.0088185,2.0546,1,0.066339,0.29798
"Maturity onset diabetes of the young",26,3.8187,9,0.0091351,2.0393,1,0.067194,0.011586
"Glycine, serine and threonine metabolism",40,5.8749,12,0.0099922,2.0003,1,0.0719,0.4121
"Gastric acid secretion",75,11.015,19,0.010452,1.9808,1,0.072874,0.018854
"beta-Alanine metabolism",31,4.5531,10,0.010568,1.976,1,0.072874,0.36276
"Signaling pathways regulating pluripotency of stem cells",140,20.562,31,0.011036,1.9572,1,0.07455,0.01052
"Prostate cancer",97,14.247,23,0.011881,1.9251,1,0.078653,0.051296
"Rheumatoid arthritis",93,13.659,22,0.014058,1.8521,1,0.09124,0
"Carbohydrate digestion and absorption",47,6.903,13,0.015271,1.8161,1,0.096409,0.0040984
"Adrenergic signaling in cardiomyocytes",149,21.884,32,0.015437,1.8114,1,0.096409,0.053521
"Mineral absorption",58,8.5186,15,0.017874,1.7478,1,0.10956,0.00014006
"cAMP signaling pathway",216,31.724,43,0.020823,1.6815,1,0.12532,0.36032
"Ovarian steroidogenesis",49,7.1968,13,0.021557,1.6664,1,0.12619,0.0085601
"Focal adhesion",199,29.228,40,0.02173,1.6629,1,0.12619,0.6835
"Phospholipase D signaling pathway",148,21.737,31,0.02367,1.6258,1,0.13508,0.20543
"Caffeine metabolism",5,0.73436,3,0.025071,1.6008,1,0.13573,0.047126
"D-Glutamine and D-glutamate metabolism",5,0.73436,3,0.025071,1.6008,1,0.13573,0.054167
"Arginine and proline metabolism",50,7.3436,13,0.025341,1.5962,1,0.13573,0.10627
"Arginine biosynthesis",21,3.0843,7,0.025698,1.5901,1,0.13573,0.36933
"Gastric cancer",149,21.884,31,0.025833,1.5878,1,0.13573,0.017228
"Estrogen signaling pathway",138,20.268,29,0.026869,1.5708,1,0.13896,0.11825
"Arrhythmogenic right ventricular cardiomyopathy (ARVC)",77,11.309,18,0.027741,1.5569,1,0.14097,0
"Gap junction",88,12.925,20,0.028109,1.5512,1,0.14097,0.05279
"Alanine, aspartate and glutamate metabolism",36,5.2874,10,0.030552,1.515,1,0.15094,0.15339
"Hypertrophic cardiomyopathy (HCM)",90,13.219,20,0.035041,1.4554,1,0.16711,0.0014493
"Drug metabolism - other enzymes",79,11.603,18,0.035166,1.4539,1,0.16711,0.10283
"Fatty acid elongation",27,3.9656,8,0.035342,1.4517,1,0.16711,0.0092502
"Staphylococcus aureus infection",96,14.1,21,0.036643,1.436,1,0.16846,0.0083056
"Dilated cardiomyopathy (DCM)",96,14.1,21,0.036643,1.436,1,0.16846,0.016189
"Central carbon metabolism in cancer",69,10.134,16,0.039174,1.407,1,0.17666,0.010311
"Wnt signaling pathway",160,23.5,32,0.039495,1.4035,1,0.17666,0.076031
"Glutamatergic synapse",114,16.743,24,0.040519,1.3923,1,0.17882,0.10497
"GnRH secretion",64,9.3998,15,0.041251,1.3846,1,0.17966,0.15079
"Vascular smooth muscle contraction",132,19.387,27,0.043246,1.3641,1,0.1859,0.082696
"Hematopoietic cell lineage",98,14.394,21,0.044742,1.3493,1,0.18987,0
"Rap1 signaling pathway",210,30.843,40,0.047081,1.3272,1,0.19726,0.014913
"Long-term depression",60,8.8124,14,0.049201,1.308,1,0.20357,0.058454
"Inflammatory mediator regulation of TRP channels",100,14.687,21,0.054064,1.2671,1,0.22093,0.018003
"Prion diseases",35,5.1405,9,0.061258,1.2128,1,0.24727,0
"Neuroactive ligand-receptor interaction",340,49.937,60,0.069561,1.1576,1,0.27741,0
"Starch and sucrose metabolism",36,5.2874,9,0.071493,1.1457,1,0.27911,0.25659
"Colorectal cancer",86,12.631,18,0.072586,1.1391,1,0.27911,0.027644
"Antifolate resistance",31,4.5531,8,0.074027,1.1306,1,0.27911,0
"Mucin type O-glycan biosynthesis",31,4.5531,8,0.074027,1.1306,1,0.27911,0.23611
"Small cell lung cancer",92,13.512,19,0.074205,1.1296,1,0.27911,0.056667
"Phosphatidylinositol signaling system",99,14.54,20,0.082215,1.085,1,0.30283,0.74724
"Pathogenic Escherichia coli infection",201,29.521,37,0.08234,1.0844,1,0.30283,0.01529
"Leukocyte transendothelial migration",112,16.45,22,0.090668,1.0425,1,0.3277,0.02652
"Hippo signaling pathway",154,22.618,29,0.091084,1.0406,1,0.3277,0.0082508
"Regulation of lipolysis in adipocytes",55,8.078,12,0.099429,1.0025,1,0.35388,0.020904
"Fatty acid degradation",44,6.4624,10,0.10147,0.99366,1,0.35731,0.62677
"Calcium signaling pathway",193,28.346,35,0.10472,0.97999,1,0.36327,0.03885
"Butanoate metabolism",28,4.1124,7,0.10536,0.97732,1,0.36327,0.13533
"Tight junction",169,24.821,31,0.10823,0.96565,1,0.36932,0.012429
"Glutathione metabolism",56,8.2249,12,0.11052,0.95657,1,0.37323,0.23815
"Fluid shear stress and atherosclerosis",139,20.415,26,0.11163,0.95222,1,0.37323,0.008544
"Glycolysis or Gluconeogenesis",68,9.9873,14,0.11598,0.93561,1,0.3839,0.80627
"Insulin secretion",86,12.631,17,0.12009,0.9205,1,0.39355,0.055294
"Linoleic acid metabolism",29,4.2593,7,0.12221,0.91291,1,0.39657,0.078841
"Basal cell carcinoma",63,9.253,13,0.12494,0.90329,1,0.39946,0.11667
"Breast cancer",147,21.59,27,0.12551,0.90133,1,0.39946,0.02416
"Relaxin signaling pathway",129,18.947,24,0.1281,0.89245,1,0.40289,0.12759
"Vitamin digestion and absorption",24,3.5249,6,0.12902,0.88934,1,0.40289,0
"cGMP-PKG signaling pathway",167,24.528,30,0.13678,0.86399,1,0.41601,0.2704
"Platelet activation",124,18.212,23,0.13732,0.86227,1,0.41601,0.19928
"TNF signaling pathway",112,16.45,21,0.1389,0.85729,1,0.41601,0.0036512
"Transcriptional misregulation in cancer",186,27.318,33,0.13936,0.85585,1,0.41601,0
"Parathyroid hormone synthesis, secretion and action",106,15.568,20,0.13951,0.85541,1,0.41601,0.021229
"Apelin signaling pathway",137,20.122,25,0.14371,0.84252,1,0.42253,0.069009
"FoxO signaling pathway",131,19.24,24,0.14497,0.83873,1,0.42253,0.015538
"Endocrine and other factor-regulated calcium reabsorption",53,7.7842,11,0.14552,0.83707,1,0.42253,0.0061688
"Thyroid hormone signaling pathway",119,17.478,22,0.14728,0.83186,1,0.42391,0.029021
"Melanogenesis",101,14.834,19,0.14998,0.82396,1,0.42796,0.028541
"Regulation of actin cytoskeleton",213,31.284,37,0.15308,0.81509,1,0.43306,0.23102
"One carbon pool by folate",20,2.9375,5,0.15933,0.7977,1,0.44693,0.21172
"p53 signaling pathway",72,10.575,14,0.16305,0.78767,1,0.45353,0.00011655
"Phagosome",152,22.325,27,0.16635,0.77898,1,0.45855,0
"Glycosphingolipid biosynthesis - globo and isoglobo series",15,2.2031,4,0.16763,0.77565,1,0.45855,0.47948
"Type I diabetes mellitus",43,6.3155,9,0.17055,0.76814,1,0.46063,0
"Synthesis and degradation of ketone bodies",10,1.4687,3,0.17164,0.76538,1,0.46063,0.48889
"Circadian entrainment",97,14.247,18,0.17256,0.76305,1,0.46063,0.0793
"Glycerolipid metabolism",61,8.9592,12,0.17603,0.75442,1,0.46612,0.19363
"Choline metabolism in cancer",98,14.394,18,0.18414,0.73484,1,0.48374,0.026125
"Inositol phosphate metabolism",74,10.869,14,0.18979,0.72173,1,0.49465,0.57593
"Glioma",75,11.015,14,0.20389,0.69059,1,0.52726,0.085616
"Vitamin B6 metabolism",6,0.88124,2,0.21615,0.66524,1,0.55463,0.012146
"Ferroptosis",40,5.8749,8,0.22575,0.64637,1,0.5748,0.00037023
"HIF-1 signaling pathway",109,16.009,19,0.24336,0.61375,1,0.61398,0.071213
"Cellular senescence",160,23.5,27,0.24485,0.6111,1,0.61398,0.030909
"ErbB signaling pathway",85,12.484,15,0.2602,0.5847,1,0.64756,0.1526
"Axon guidance",181,26.584,30,0.26302,0.58002,1,0.64969,0.003983
"Platinum drug resistance",73,10.722,13,0.2691,0.57009,1,0.65979,0.016871
"Glyoxylate and dicarboxylate metabolism",30,4.4062,6,0.2722,0.56512,1,0.66102,0.035397
"Long-term potentiation",67,9.8405,12,0.27364,0.56282,1,0.66102,0.72258
"Cardiac muscle contraction",86,12.631,15,0.27559,0.55973,1,0.66102,0.0083056
"Malaria",49,7.1968,9,0.28731,0.54165,1,0.67868,0
"Cysteine and methionine metabolism",49,7.1968,9,0.28731,0.54165,1,0.67868,0.40156
"Glucagon signaling pathway",106,15.568,18,0.28911,0.53894,1,0.67868,0.01866
"AMPK signaling pathway",120,17.625,20,0.30513,0.51552,1,0.71124,0.056623
"Adipocytokine signaling pathway",69,10.134,12,0.30955,0.50927,1,0.71651,0.035437
"Oxytocin signaling pathway",153,22.472,25,0.31277,0.50478,1,0.71893,0.043509
"Insulin resistance",108,15.862,18,0.31808,0.49746,1,0.72611,0.013725
"Pertussis",76,11.162,13,0.3207,0.4939,1,0.72708,0.00073164
"Epithelial cell signaling in Helicobacter pylori infection",70,10.281,12,0.32794,0.4842,1,0.73343,0.0098722
"Prolactin signaling pathway",70,10.281,12,0.32794,0.4842,1,0.73343,0.11418
"Riboflavin metabolism",8,1.175,2,0.33291,0.47767,1,0.73955,0.025362
"Hepatocellular carcinoma",168,24.675,27,0.33623,0.47337,1,0.74194,0.014631
"Endometrial cancer",58,8.5186,10,0.34366,0.46387,1,0.75332,0.031401
"MAPK signaling pathway",295,43.327,46,0.352,0.45346,1,0.76653,0.044838
"Cell cycle",124,18.212,20,0.36126,0.44218,1,0.77512,0.1541
"Ascorbate and aldarate metabolism",27,3.9656,5,0.3634,0.43962,1,0.77512,0.0025399
"Endocrine resistance",98,14.394,16,0.36424,0.43862,1,0.77512,0.1028
"Melanoma",72,10.575,12,0.36536,0.43727,1,0.77512,0.035985
"Human papillomavirus infection",330,48.468,51,0.36765,0.43456,1,0.77512,0.015684
"Non-small cell lung cancer",66,9.6936,11,0.37501,0.42596,1,0.78561,0.038636
"Pentose and glucuronate interconversions",34,4.9937,6,0.3824,0.41748,1,0.7911,0.028753
"Propanoate metabolism",34,4.9937,6,0.3824,0.41748,1,0.7911,0.082758
"GnRH signaling pathway",93,13.659,15,0.38996,0.40899,1,0.80171,0.14246
"Salmonella infection",80,11.75,13,0.39259,0.40606,1,0.80215,0.002551
"Graft-versus-host disease",41,6.0218,7,0.39709,0.40111,1,0.80636,0
"Valine, leucine and isoleucine degradation",48,7.0499,8,0.40897,0.3883,1,0.82543,0.67274
"Oocyte meiosis",128,18.8,20,0.41916,0.37762,1,0.83895,0.062045
"Porphyrin and chlorophyll metabolism",42,6.1687,7,0.42268,0.37399,1,0.83895,0.017656
"Hepatitis C",155,22.765,24,0.42328,0.37338,1,0.83895,0.0081615
"NF-kappa B signaling pathway",102,14.981,16,0.42947,0.36707,1,0.84615,0.046429
"Intestinal immune network for IgA production",49,7.1968,8,0.43271,0.3638,1,0.84737,0
"Longevity regulating pathway",89,13.072,14,0.4352,0.36131,1,0.84737,0.26345
"Legionellosis",56,8.2249,9,0.44115,0.35541,1,0.84956,0
"Pancreatic cancer",76,11.162,12,0.44146,0.3551,1,0.84956,0.024906
"Peroxisome",83,12.19,13,0.44739,0.34931,1,0.85599,0
"Citrate cycle (TCA cycle)",30,4.4062,5,0.45616,0.34089,1,0.85621,0.30735
"Hedgehog signaling pathway",50,7.3436,8,0.45635,0.34071,1,0.85621,0.01039
"Ras signaling pathway",232,34.074,35,0.45983,0.3374,1,0.85621,0.039876
"Dopaminergic synapse",131,19.24,20,0.46297,0.33444,1,0.85621,0.029147
"Pyrimidine metabolism",57,8.3717,9,0.46329,0.33415,1,0.85621,0.53805
"Selenocompound metabolism",17,2.4968,3,0.46553,0.33206,1,0.85621,0.027003
"Human T-cell leukemia virus 1 infection",219,32.165,33,0.46561,0.33198,1,0.85621,0.012821
"Valine, leucine and isoleucine biosynthesis",4,0.58749,1,0.47034,0.32759,1,0.86012,0.0061538
"Sphingolipid signaling pathway",119,17.478,18,0.48572,0.31361,1,0.87311,0.026768
"Asthma",31,4.5531,5,0.48634,0.31306,1,0.87311,0
"Galactose metabolism",31,4.5531,5,0.48634,0.31306,1,0.87311,0.099083
"Progesterone-mediated oocyte maturation",99,14.54,15,0.49139,0.30857,1,0.87311,0.032692
"MicroRNAs in cancer",310,45.531,46,0.49489,0.30549,1,0.87311,0
"Ubiquinone and other terpenoid-quinone biosynthesis",11,1.6156,2,0.4959,0.3046,1,0.87311,0.0028728
"Taurine and hypotaurine metabolism",11,1.6156,2,0.4959,0.3046,1,0.87311,0.0098522
"Retrograde endocannabinoid signaling",148,21.737,22,0.51152,0.29114,1,0.89519,0.0097533
"Cushing syndrome",155,22.765,23,0.51385,0.28916,1,0.89519,0.0086582
"Acute myeloid leukemia",67,9.8405,10,0.53091,0.27498,1,0.91634,0.055851
"Human cytomegalovirus infection",225,33.046,33,0.53317,0.27314,1,0.91634,0.017461
"Glycosaminoglycan biosynthesis - heparan sulfate / heparin",19,2.7906,3,0.54356,0.26475,1,0.91634,0
"Steroid biosynthesis",19,2.7906,3,0.54356,0.26475,1,0.91634,0.0012098
"Alzheimer disease",171,25.115,25,0.54377,0.26459,1,0.91634,0.00045228
"Folate biosynthesis",26,3.8187,4,0.5439,0.26448,1,0.91634,0.01057
"Ether lipid metabolism",47,6.903,7,0.54703,0.26199,1,0.91634,0.10797
"Neomycin, kanamycin and gentamicin biosynthesis",5,0.73436,1,0.54817,0.26108,1,0.91634,7.1715e-05
"Amphetamine addiction",68,9.9873,10,0.55091,0.25892,1,0.91634,0.0016804
"Longevity regulating pathway - multiple species",62,9.1061,9,0.57035,0.24386,1,0.94393,0.10958
"Collecting duct acid secretion",27,3.9656,4,0.57529,0.24012,1,0.94736,0
"Glycosaminoglycan biosynthesis - chondroitin sulfate / dermatan sulfate",20,2.9375,3,0.58001,0.23657,1,0.95041,0.014113
"Aldosterone synthesis and secretion",98,14.394,14,0.58901,0.22988,1,0.95191,0.025362
"Cholinergic synapse",112,16.45,16,0.58937,0.22961,1,0.95191,0.048087
"Non-homologous end-joining",13,1.9093,2,0.58955,0.22948,1,0.95191,0
"Cocaine addiction",49,7.1968,7,0.59358,0.22652,1,0.95377,0.00061728
"JAK-STAT signaling pathway",162,23.793,23,0.60504,0.21821,1,0.96412,0.57937
"Synaptic vesicle cycle",78,11.456,11,0.60743,0.21651,1,0.96412,0
"Adherens junction",71,10.428,10,0.60877,0.21555,1,0.96412,0.021622
"N-Glycan biosynthesis",50,7.3436,7,0.61593,0.21047,1,0.96882,0.11753
"Non-alcoholic fatty liver disease (NAFLD)",149,21.884,21,0.61759,0.2093,1,0.96882,0.0095238
"Fc gamma R-mediated phagocytosis",93,13.659,13,0.62199,0.20622,1,0.97113,0.084578
"Hippo signaling pathway - multiple species",29,4.2593,4,0.6342,0.19777,1,0.98555,0.0083056
"Amyotrophic lateral sclerosis (ALS)",51,7.4905,7,0.63758,0.19546,1,0.98617,0.0038435
"Thyroid cancer",37,5.4343,5,0.65087,0.18651,1,1,0.013333
"Glycosphingolipid biosynthesis - ganglio series",15,2.2031,2,0.6696,0.17418,1,1,0.12492
"GABAergic synapse",89,13.072,12,0.67198,0.17265,1,1,0.0074675
"Allograft rejection",38,5.5812,5,0.6748,0.17083,1,1,0
"Protein export",23,3.3781,3,0.67769,0.16897,1,1,0
"Mannose type O-glycan biosynthesis",23,3.3781,3,0.67769,0.16897,1,1,0.039894
"C-type lectin receptor signaling pathway",104,15.275,14,0.68079,0.16698,1,1,0.003648
"Fc epsilon RI signaling pathway",68,9.9873,9,0.68471,0.16449,1,1,0.02935
"Circadian rhythm",31,4.5531,4,0.68756,0.16269,1,1,0
"Taste transduction",83,12.19,11,0.69143,0.16025,1,1,0.00020121
"Toxoplasmosis",112,16.45,15,0.69186,0.15998,1,1,0.018579
"Chronic myeloid leukemia",76,11.162,10,0.6962,0.15727,1,1,0.035859
"Renal cell carcinoma",69,10.134,9,0.70183,0.15377,1,1,0.010965
"Osteoclast differentiation",128,18.8,17,0.71202,0.14751,1,1,0.050029
"Huntington disease",193,28.346,26,0.71584,0.14518,1,1,0.0013169
"Nicotine addiction",40,5.8749,5,0.71929,0.1431,1,1,0
"alpha-Linolenic acid metabolism",25,3.6718,3,0.73283,0.135,1,1,0.00094268
"Insulin signaling pathway",137,20.122,18,0.73285,0.13499,1,1,0.14079
"Fructose and mannose metabolism",33,4.8468,4,0.73516,0.13362,1,1,0.084553
"mTOR signaling pathway",153,22.472,20,0.74895,0.12555,1,1,0.11855
"Inflammatory bowel disease (IBD)",65,9.5467,8,0.75795,0.12036,1,1,0.0042306
"Cortisol synthesis and secretion",65,9.5467,8,0.75795,0.12036,1,1,0.014904
"Vibrio cholerae infection",50,7.3436,6,0.76321,0.11735,1,1,0.0079365
"Bacterial invasion of epithelial cells",73,10.722,9,0.76422,0.11678,1,1,0.014396
"Fatty acid biosynthesis",18,2.6437,2,0.76542,0.1161,1,1,0.01196
"Hepatitis B",162,23.793,21,0.76636,0.11557,1,1,0.0033235
"Toll-like receptor signaling pathway",104,15.275,13,0.7766,0.1098,1,1,0.023833
"Epstein-Barr virus infection",201,29.521,26,0.78932,0.10275,1,1,0.0027646
"Glycosaminoglycan degradation",19,2.7906,2,0.79152,0.10154,1,1,0.0045483
"Phototransduction",28,4.1124,3,0.80123,0.096244,1,1,0.0023127
"NOD-like receptor signaling pathway",181,26.584,23,0.80563,0.093867,1,1,0.010216
"Autoimmune thyroid disease",53,7.7842,6,0.81075,0.091111,1,1,0
"Nicotinate and nicotinamide metabolism",37,5.4343,4,0.81357,0.089603,1,1,0.027793
"Influenza A",170,24.968,21,0.83608,0.077753,1,1,0.012239
"Chagas disease (American trypanosomiasis)",102,14.981,12,0.83647,0.07755,1,1,0.019597
"Cytosolic DNA-sensing pathway",63,9.253,7,0.83756,0.076983,1,1,0.016129
"RNA degradation",79,11.603,9,0.83948,0.075989,1,1,0
"Oxidative phosphorylation",133,19.534,16,0.84075,0.075336,1,1,0
"Kaposi sarcoma-associated herpesvirus infection",186,27.318,23,0.84408,0.073618,1,1,0.0079175
"Pyruvate metabolism",39,5.728,4,0.84502,0.073132,1,1,0.099903
"Thermogenesis",231,33.928,29,0.84748,0.071872,1,1,0.085439
"Growth hormone synthesis, secretion and action",119,17.478,14,0.85127,0.069933,1,1,0.045315
"Parkinson disease",142,20.856,17,0.85217,0.069476,1,1,0
"RNA polymerase",31,4.5531,3,0.85429,0.068394,1,1,0
"Terpenoid backbone biosynthesis",22,3.2312,2,0.85502,0.068021,1,1,0.022739
"Apoptosis - multiple species",32,4.6999,3,0.869,0.060979,1,1,0.010417
"Homologous recombination",41,6.0218,4,0.87187,0.059547,1,1,0.0025641
"Mismatch repair",23,3.3781,2,0.87191,0.059527,1,1,0
"Purine metabolism",130,19.093,15,0.8768,0.057099,1,1,0.32959
"Morphine addiction",91,13.365,10,0.87825,0.056383,1,1,0.0040404
"Shigellosis",67,9.8405,7,0.88037,0.055336,1,1,0.011034
"VEGF signaling pathway",59,8.6655,6,0.88311,0.053987,1,1,0.039773
"Leishmaniasis",76,11.162,8,0.88759,0.051786,1,1,0.012121
"Viral carcinogenesis",201,29.521,24,0.89032,0.050454,1,1,0
"Viral myocarditis",60,8.8124,6,0.89256,0.049365,1,1,0.0028409
"Lysine degradation",61,8.9592,6,0.90135,0.045109,1,1,0.054625
"Neurotrophin signaling pathway",119,17.478,13,0.90731,0.042246,1,1,0.15543
"Yersinia infection",120,17.625,13,0.91311,0.039476,1,1,0.011513
"Proteasome",45,6.6093,4,0.91373,0.039184,1,1,0
"Apoptosis",136,19.975,15,0.9138,0.039147,1,1,0.030183
"DNA replication",36,5.2874,3,0.91551,0.038337,1,1,0
"Type II diabetes mellitus",46,6.7561,4,0.92207,0.035235,1,1,0.036559
"Tuberculosis",179,26.29,20,0.9308,0.031146,1,1,0.0073159
"Pentose phosphate pathway",30,4.4062,2,0.94779,0.023289,1,1,0.03789
"Various types of N-glycan biosynthesis",20,2.9375,1,0.95846,0.018426,1,1,0
"Glycerophospholipid metabolism",97,14.247,9,0.9585,0.018408,1,1,0.18384
"Human immunodeficiency virus 1 infection",212,31.137,23,0.95973,0.017851,1,1,0.0072663
"Autophagy - other",32,4.6999,2,0.95992,0.017766,1,1,0.002381
"PD-L1 expression and PD-1 checkpoint pathway in cancer",89,13.072,8,0.96083,0.017351,1,1,0.042484
"Th17 cell differentiation",107,15.715,10,0.96299,0.016377,1,1,0.0010073
"Base excision repair",33,4.8468,2,0.96492,0.015509,1,1,0
"Vasopressin-regulated water reabsorption",44,6.4624,3,0.9666,0.014753,1,1,0
"Fanconi anemia pathway",54,7.9311,4,0.96668,0.014716,1,1,0.068309
"B cell receptor signaling pathway",82,12.044,7,0.96685,0.01464,1,1,0.054966
"Autophagy - animal",137,20.122,13,0.97385,0.011509,1,1,0.1069
"Glycosylphosphatidylinositol (GPI)-anchor biosynthesis",23,3.3781,1,0.97424,0.011333,1,1,0
"Measles",138,20.268,13,0.97577,0.010655,1,1,0.0043412
"Sphingolipid metabolism",47,6.903,3,0.97675,0.010216,1,1,0.33271
"Amino sugar and nucleotide sugar metabolism",48,7.0499,3,0.97943,0.0090286,1,1,0.018098
"Endocytosis",249,36.571,26,0.98155,0.0080855,1,1,0
"Primary immunodeficiency",38,5.5812,2,0.98216,0.0078181,1,1,0
"Ribosome",153,22.472,14,0.98528,0.0064422,1,1,0
"Th1 and Th2 cell differentiation",92,13.512,7,0.98723,0.005581,1,1,0
"Notch signaling pathway",53,7.7842,3,0.98895,0.0048278,1,1,0
"T cell receptor signaling pathway",104,15.275,8,0.99008,0.0043289,1,1,0.056539
"Alcoholism",184,27.025,17,0.9902,0.0042775,1,1,0.0035354
"Lysosome",123,18.065,10,0.99057,0.0041161,1,1,0
"Systemic lupus erythematosus",133,19.534,11,0.99132,0.0037848,1,1,0.00037707
"Antigen processing and presentation",78,11.456,5,0.99295,0.0030725,1,1,0.019915
"Basal transcription factors",45,6.6093,2,0.99323,0.0029502,1,1,0
"RIG-I-like receptor signaling pathway",70,10.281,4,0.99475,0.0022857,1,1,0.038377
"Protein processing in endoplasmic reticulum",166,24.381,14,0.99487,0.0022318,1,1,0.00017969
"Nucleotide excision repair",47,6.903,2,0.99489,0.0022261,1,1,0
"SNARE interactions in vesicular transport",34,4.9937,1,0.99554,0.0019404,1,1,0
"Mitophagy - animal",65,9.5467,3,0.99765,0.001023,1,1,0.002551
"mRNA surveillance pathway",91,13.365,5,0.99843,0.0006805,1,1,0.0037338
"Spliceosome",135,19.828,9,0.99883,0.00050875,1,1,0
"RNA transport",165,24.234,12,0.99893,0.00046487,1,1,0
"Ubiquitin mediated proteolysis",136,19.975,9,0.99894,0.00045862,1,1,0
"Natural killer cell mediated cytotoxicity",131,19.24,7,0.99982,8.0143e-05,1,1,0.043709
"Necroptosis",162,23.793,9,0.99994,2.7114e-05,1,1,0.027339
"Aminoacyl-tRNA biosynthesis",66,9.6936,1,0.99997,1.1595e-05,1,1,0.00010739
"Ribosome biogenesis in eukaryotes",105,15.422,2,1,4.2556e-07,1,1,0
"Herpes simplex virus 1 infection",491,72.114,37,1,8.8464e-08,1,1,0.0031807
"Olfactory transduction",448,65.799,6,1,0,1,1,0.016058
