"","Total","Expected","Hits","Raw p","-log10(p)","Holm adjust","FDR","Impact"
"Complement and coagulation cascades",79,11.493,36,3.0755e-11,10.512,1.018e-08,1.018e-08,0.073572
"Bile secretion",72,10.475,31,4.0593e-09,8.3915,1.3396e-06,6.7182e-07,0.00097125
"Protein digestion and absorption",95,13.821,33,6.2209e-07,6.2061,0.00020467,6.8637e-05,0
"Drug metabolism - cytochrome P450",72,10.475,27,1.1797e-06,5.9282,0.00038693,9.7617e-05,0.0057667
"Chemical carcinogenesis",82,11.929,29,1.9507e-06,5.7098,0.00063789,0.00012914,0.00015767
"Steroid hormone biosynthesis",60,8.7288,23,4.7012e-06,5.3278,0.0015326,0.00025935,0.37432
"Amoebiasis",102,14.839,32,1.0937e-05,4.9611,0.0035545,0.00051715,0.00084746
"Pancreatic secretion",102,14.839,31,3.0171e-05,4.5204,0.0097754,0.0012483,0.0043695
"Tryptophan metabolism",42,6.1102,17,3.5925e-05,4.4446,0.011604,0.0013213,0.19635
"Tyrosine metabolism",36,5.2373,15,6.9256e-05,4.1595,0.0223,0.0022924,0.34301
"ECM-receptor interaction",88,12.802,27,8.0719e-05,4.093,0.025911,0.0024289,0.00014569
"Metabolism of xenobiotics by cytochrome P450",76,11.056,24,0.00012016,3.9202,0.038452,0.0033145,0.0074355
"Viral protein interaction with cytokine and cytokine receptor",100,14.548,29,0.00013719,3.8627,0.043765,0.0034901,0
"Histidine metabolism",23,3.346,11,0.00014762,3.8309,0.046942,0.0034901,0.097832
"Nitrogen metabolism",17,2.4732,9,0.00022801,3.642,0.072279,0.0050314,0.0057971
"PPAR signaling pathway",76,11.056,23,0.00033386,3.4764,0.1055,0.0069068,0.0055523
"Bladder cancer",41,5.9647,15,0.00038668,3.4126,0.12181,0.0070698,0.0080645
"Arachidonic acid metabolism",63,9.1652,20,0.00040148,3.3963,0.12606,0.0070698,0.37141
"Pathways in cancer",531,77.25,105,0.00040582,3.3917,0.12702,0.0070698,0.067361
"Cholesterol metabolism",50,7.274,17,0.00044042,3.3561,0.13741,0.0072889,7.0028e-05
"Proteoglycans in cancer",204,29.678,47,0.00069462,3.1583,0.21603,0.01083,0.0055486
"Renin-angiotensin system",23,3.346,10,0.00076523,3.1162,0.23722,0.01083,0
"Proximal tubule bicarbonate reclamation",23,3.346,10,0.00076523,3.1162,0.23722,0.01083,0
"Serotonergic synapse",115,16.73,30,0.00078527,3.105,0.24186,0.01083,0.0061605
"Retinol metabolism",67,9.7472,20,0.00096953,3.0134,0.29765,0.012837,0.1835
"ABC transporters",45,6.5466,15,0.001191,2.9241,0.36445,0.015163,0
"Phenylalanine metabolism",17,2.4732,8,0.0013982,2.8544,0.42646,0.016006,0.01966
"Primary bile acid biosynthesis",17,2.4732,8,0.0013982,2.8544,0.42646,0.016006,0.3136
"African trypanosomiasis",37,5.3828,13,0.0014477,2.8393,0.43864,0.016006,0.0015873
"Renin secretion",69,10.038,20,0.0014507,2.8384,0.43864,0.016006,0.014286
"TGF-beta signaling pathway",94,13.675,25,0.0015543,2.8085,0.46785,0.016596,0.019304
"Cytokine-cytokine receptor interaction",294,42.771,61,0.002078,2.6823,0.62341,0.021495,0
"PI3K-Akt signaling pathway",354,51.5,71,0.0023775,2.6239,0.71088,0.023847,0.26548
"Glycosphingolipid biosynthesis - lacto and neolacto series",27,3.928,10,0.003252,2.4879,0.96909,0.031391,0.19142
"Pantothenate and CoA biosynthesis",19,2.7641,8,0.0033193,2.479,0.98583,0.031391,0.22154
"Salivary secretion",90,13.093,23,0.0040745,2.3899,1,0.03657,0.017805
"Fat digestion and absorption",41,5.9647,13,0.0040879,2.3885,1,0.03657,0
"Aldosterone-regulated sodium reabsorption",37,5.3828,12,0.0046596,2.3317,1,0.040587,0.085979
"Cell adhesion molecules (CAMs)",147,21.386,33,0.0062547,2.2038,1,0.053085,7.1469e-05
"Mineral absorption",58,8.4378,16,0.0070875,2.1495,1,0.058649,0.00014006
"AGE-RAGE signaling pathway in diabetic complications",100,14.548,24,0.0078817,2.1034,1,0.061275,0.037752
"EGFR tyrosine kinase inhibitor resistance",79,11.493,20,0.0079452,2.0999,1,0.061275,0.29798
"Chemokine signaling pathway",189,27.496,40,0.0081086,2.0911,1,0.061275,0.13827
"Thyroid hormone synthesis",74,10.766,19,0.0081453,2.0891,1,0.061275,0.006495
"Maturity onset diabetes of the young",26,3.7825,9,0.0085834,2.0663,1,0.063136,0.011586
"Glycine, serine and threonine metabolism",40,5.8192,12,0.0092726,2.0328,1,0.066643,0.4121
"Gastric acid secretion",75,10.911,19,0.0094629,2.024,1,0.066643,0.018854
"beta-Alanine metabolism",31,4.5099,10,0.0098925,2.0047,1,0.068217,0.36276
"Prostate cancer",97,14.112,23,0.01064,1.9731,1,0.071874,0.051296
"Rheumatoid arthritis",93,13.53,22,0.01265,1.8979,1,0.083744,0
"Adrenergic signaling in cardiomyocytes",149,21.677,32,0.013546,1.8682,1,0.087918,0.053521
"IL-17 signaling pathway",94,13.675,22,0.014317,1.8441,1,0.091135,0.00099875
"Ovarian steroidogenesis",49,7.1285,13,0.020041,1.6981,1,0.12516,0.0085601
"Arginine and proline metabolism",50,7.274,13,0.02359,1.6273,1,0.13977,0.10627
"Estrogen signaling pathway",138,20.076,29,0.023948,1.6207,1,0.13977,0.11825
"Caffeine metabolism",5,0.7274,3,0.02442,1.6122,1,0.13977,0.047126
"D-Glutamine and D-glutamate metabolism",5,0.7274,3,0.02442,1.6122,1,0.13977,0.054167
"Arginine biosynthesis",21,3.0551,7,0.024492,1.611,1,0.13977,0.36933
"Arrhythmogenic right ventricular cardiomyopathy (ARVC)",77,11.202,18,0.025447,1.5944,1,0.14146,0
"Gap junction",88,12.802,20,0.025643,1.591,1,0.14146,0.05279
"cAMP signaling pathway",216,31.424,42,0.027585,1.5593,1,0.14968,0.35219
"Signaling pathways regulating pluripotency of stem cells",140,20.367,29,0.028623,1.5433,1,0.15126,0.0094677
"Alanine, aspartate and glutamate metabolism",36,5.2373,10,0.028789,1.5408,1,0.15126,0.15339
"Hypertrophic cardiomyopathy (HCM)",90,13.093,20,0.032054,1.4941,1,0.16116,0.0014493
"Drug metabolism - other enzymes",79,11.493,18,0.032344,1.4902,1,0.16116,0.10283
"Carbohydrate digestion and absorption",47,6.8376,12,0.033134,1.4797,1,0.16116,0.0040984
"Staphylococcus aureus infection",96,13.966,21,0.033451,1.4756,1,0.16116,0.0083056
"Dilated cardiomyopathy (DCM)",96,13.966,21,0.033451,1.4756,1,0.16116,0.016189
"Fatty acid elongation",27,3.928,8,0.033596,1.4737,1,0.16116,0.0092502
"Phospholipase D signaling pathway",148,21.531,30,0.034444,1.4629,1,0.16287,0.18169
"Central carbon metabolism in cancer",69,10.038,16,0.036279,1.4403,1,0.16904,0.010311
"Glutamatergic synapse",114,16.585,24,0.036769,1.4345,1,0.16904,0.10497
"Gastric cancer",149,21.677,30,0.037353,1.4277,1,0.16937,0.017038
"GnRH secretion",64,9.3107,15,0.038335,1.4164,1,0.17147,0.15079
"Hematopoietic cell lineage",98,14.257,21,0.040955,1.3877,1,0.18075,0
"Focal adhesion",199,28.95,38,0.044464,1.352,1,0.19365,0.60973
"Long-term depression",60,8.7288,14,0.045943,1.3378,1,0.19749,0.058454
"Wnt signaling pathway",160,23.277,31,0.054827,1.261,1,0.23266,0.076031
"Prion diseases",35,5.0918,9,0.058235,1.2348,1,0.244,0
"Rap1 signaling pathway",210,30.551,39,0.06077,1.2163,1,0.25143,0.014638
"Vascular smooth muscle contraction",132,19.203,26,0.062642,1.2031,1,0.25598,0.076258
"Antifolate resistance",31,4.5099,8,0.070724,1.1504,1,0.28204,0
"Mucin type O-glycan biosynthesis",31,4.5099,8,0.070724,1.1504,1,0.28204,0.23611
"Phosphatidylinositol signaling system",99,14.403,20,0.076109,1.1186,1,0.29991,0.74724
"Neuroactive ligand-receptor interaction",340,49.463,59,0.079937,1.0973,1,0.31128,0
"Inflammatory mediator regulation of TRP channels",100,14.548,20,0.082731,1.0823,1,0.31842,0.018003
"Regulation of lipolysis in adipocytes",55,8.0014,12,0.094095,1.0264,1,0.35618,0.020904
"Calcium signaling pathway",193,28.078,35,0.094693,1.0237,1,0.35618,0.03885
"Fatty acid degradation",44,6.4011,10,0.09659,1.0151,1,0.35923,0.62677
"Pathogenic Escherichia coli infection",201,29.241,36,0.10446,0.98106,1,0.38089,0.014581
"Glutathione metabolism",56,8.1469,12,0.10472,0.97999,1,0.38089,0.23815
"Insulin secretion",86,12.511,17,0.11257,0.94859,1,0.40193,0.055294
"Small cell lung cancer",92,13.384,18,0.11293,0.94719,1,0.40193,0.056667
"Breast cancer",147,21.386,27,0.1155,0.93742,1,0.40671,0.02416
"Linoleic acid metabolism",29,4.2189,7,0.11762,0.92953,1,0.40777,0.078841
"Basal cell carcinoma",63,9.1652,13,0.11827,0.92714,1,0.40777,0.11667
"Hippo signaling pathway",154,22.404,28,0.12135,0.91595,1,0.4141,0.0077655
"Vitamin digestion and absorption",24,3.4915,6,0.12466,0.90429,1,0.42103,0
"TNF signaling pathway",112,16.294,21,0.12948,0.8878,1,0.42858,0.0036512
"Leukocyte transendothelial migration",112,16.294,21,0.12948,0.8878,1,0.42858,0.01895
"Apelin signaling pathway",137,19.931,25,0.13309,0.87586,1,0.43616,0.069009
"Thyroid hormone signaling pathway",119,17.312,22,0.13719,0.86267,1,0.44304,0.029021
"Endocrine and other factor-regulated calcium reabsorption",53,7.7104,11,0.1387,0.85791,1,0.44304,0.0061688
"Tight junction",169,24.586,30,0.13991,0.85414,1,0.44304,0.010107
"Melanogenesis",101,14.693,19,0.14054,0.8522,1,0.44304,0.028541
"Starch and sucrose metabolism",36,5.2373,8,0.14239,0.84651,1,0.44465,0.25203
"Fluid shear stress and atherosclerosis",139,20.222,25,0.14973,0.82468,1,0.4632,0.0077198
"Phagosome",152,22.113,27,0.15405,0.81233,1,0.46557,0
"p53 signaling pathway",72,10.475,14,0.15457,0.81088,1,0.46557,0.00011655
"One carbon pool by folate",20,2.9096,5,0.15472,0.81045,1,0.46557,0.21172
"Circadian entrainment",97,14.112,18,0.16242,0.78935,1,0.47954,0.0793
"Glycosphingolipid biosynthesis - globo and isoglobo series",15,2.1822,4,0.16345,0.78661,1,0.47954,0.47948
"Type I diabetes mellitus",43,6.2556,9,0.16371,0.78593,1,0.47954,0
"Glycerolipid metabolism",61,8.8743,12,0.1678,0.77522,1,0.4872,0.19363
"Choline metabolism in cancer",98,14.257,18,0.17353,0.76061,1,0.49781,0.026125
"cGMP-PKG signaling pathway",167,24.295,29,0.17446,0.7583,1,0.49781,0.2695
"Colorectal cancer",86,12.511,16,0.17727,0.75137,1,0.5015,0.027089
"Inositol phosphate metabolism",74,10.766,14,0.18034,0.7439,1,0.50588,0.57593
"Platelet activation",124,18.04,22,0.18532,0.73208,1,0.51207,0.19687
"Regulation of actin cytoskeleton",213,30.987,36,0.18565,0.73131,1,0.51207,0.16395
"Glioma",75,10.911,14,0.19397,0.71226,1,0.53062,0.085616
"Vitamin B6 metabolism",6,0.87288,2,0.21291,0.67181,1,0.5752,0.012146
"Butanoate metabolism",28,4.0734,6,0.21375,0.6701,1,0.5752,0.12506
"Ferroptosis",40,5.8192,8,0.21796,0.66162,1,0.58182,0.00037023
"Transcriptional misregulation in cancer",186,27.059,31,0.23103,0.63632,1,0.61178,0
"Relaxin signaling pathway",129,18.767,22,0.24093,0.61811,1,0.63292,0.12741
"ErbB signaling pathway",85,12.366,15,0.24816,0.60527,1,0.64678,0.1526
"Platinum drug resistance",73,10.62,13,0.25773,0.58884,1,0.65948,0.016871
"Cell cycle",124,18.04,21,0.25809,0.58823,1,0.65948,0.1541
"Long-term potentiation",67,9.7472,12,0.26264,0.58064,1,0.65948,0.72258
"Cardiac muscle contraction",86,12.511,15,0.26314,0.57982,1,0.65948,0.0083056
"Glyoxylate and dicarboxylate metabolism",30,4.3644,6,0.26472,0.57721,1,0.65948,0.035397
"FoxO signaling pathway",131,19.058,22,0.26499,0.57678,1,0.65948,0.015395
"Parathyroid hormone synthesis, secretion and action",106,15.421,18,0.275,0.56067,1,0.67571,0.019271
"Malaria",49,7.1285,9,0.27763,0.55653,1,0.67571,0
"Cysteine and methionine metabolism",49,7.1285,9,0.27763,0.55653,1,0.67571,0.40156
"Glycolysis or Gluconeogenesis",68,9.8926,12,0.28003,0.5528,1,0.67656,0.43778
"Cellular senescence",160,23.277,26,0.30062,0.52198,1,0.72106,0.030025
"Oocyte meiosis",128,18.621,21,0.30961,0.50919,1,0.73533,0.068207
"Axon guidance",181,26.332,29,0.31521,0.5014,1,0.73533,0.0030307
"Epithelial cell signaling in Helicobacter pylori infection",70,10.184,12,0.31579,0.5006,1,0.73533,0.0098722
"Prolactin signaling pathway",70,10.184,12,0.31579,0.5006,1,0.73533,0.11418
"HIF-1 signaling pathway",109,15.857,18,0.31768,0.49801,1,0.73533,0.071213
"Riboflavin metabolism",8,1.1638,2,0.32849,0.48348,1,0.75507,0.025362
"Endometrial cancer",58,8.4378,10,0.33238,0.47837,1,0.75874,0.031401
"Endocrine resistance",98,14.257,16,0.34936,0.45673,1,0.79204,0.1028
"Melanoma",72,10.475,12,0.35257,0.45276,1,0.79387,0.035985
"Ascorbate and aldarate metabolism",27,3.928,5,0.35545,0.44922,1,0.79496,0.0025399
"Progesterone-mediated oocyte maturation",99,14.403,16,0.36528,0.43737,1,0.80899,0.042308
"Glucagon signaling pathway",106,15.421,17,0.3714,0.43015,1,0.80899,0.01866
"Pentose and glucuronate interconversions",34,4.9463,6,0.3734,0.42782,1,0.80899,0.028753
"Propanoate metabolism",34,4.9463,6,0.3734,0.42782,1,0.80899,0.082758
"GnRH signaling pathway",93,13.53,15,0.37516,0.42578,1,0.80899,0.14246
"Oxytocin signaling pathway",153,22.258,24,0.37773,0.42282,1,0.80899,0.042456
"Salmonella infection",80,11.638,13,0.37883,0.42155,1,0.80899,0.002551
"AMPK signaling pathway",120,17.458,19,0.38228,0.41762,1,0.81113,0.056623
"Graft-versus-host disease",41,5.9647,7,0.38714,0.41213,1,0.81366,0
"MAPK signaling pathway",295,42.917,45,0.3884,0.41073,1,0.81366,0.043658
"Hepatocellular carcinoma",168,24.441,26,0.39826,0.39984,1,0.82907,0.014559
"Insulin resistance",108,15.712,17,0.40261,0.39512,1,0.8302,0.013698
"Hepatitis C",155,22.549,24,0.40381,0.39382,1,0.8302,0.0081615
"Porphyrin and chlorophyll metabolism",42,6.1102,7,0.41249,0.38459,1,0.83996,0.017656
"NF-kappa B signaling pathway",102,14.839,16,0.41363,0.38338,1,0.83996,0.046429
"Longevity regulating pathway",89,12.948,14,0.42037,0.37636,1,0.84105,0.26345
"Intestinal immune network for IgA production",49,7.1285,8,0.42168,0.37502,1,0.84105,0
"Adipocytokine signaling pathway",69,10.038,11,0.4218,0.3749,1,0.84105,0.035437
"Pertussis",76,11.056,12,0.42772,0.36884,1,0.8459,0.00051215
"Legionellosis",56,8.1469,9,0.42934,0.3672,1,0.8459,0
"Peroxisome",83,12.075,13,0.43301,0.3635,1,0.84809,0
"Synthesis and degradation of ketone bodies",10,1.4548,2,0.43904,0.35749,1,0.85485,0.27593
"Dopaminergic synapse",131,19.058,20,0.44483,0.3518,1,0.86103,0.029147
"Citrate cycle (TCA cycle)",30,4.3644,5,0.44742,0.34928,1,0.86103,0.30735
"Pyrimidine metabolism",57,8.2924,9,0.45131,0.34552,1,0.86349,0.53805
"Selenocompound metabolism",17,2.4732,3,0.45888,0.3383,1,0.87292,0.027003
"Human papillomavirus infection",330,48.008,49,0.46192,0.33543,1,0.8737,0.015448
"Valine, leucine and isoleucine biosynthesis",4,0.58192,1,0.46687,0.3308,1,0.87803,0.0061538
"Asthma",31,4.5099,5,0.47745,0.32107,1,0.89286,0
"Ubiquinone and other terpenoid-quinone biosynthesis",11,1.6003,2,0.4905,0.30936,1,0.90347,0.0028728
"Taurine and hypotaurine metabolism",11,1.6003,2,0.4905,0.30936,1,0.90347,0.0098522
"Retrograde endocannabinoid signaling",148,21.531,22,0.49216,0.30789,1,0.90347,0.0097533
"Cushing syndrome",155,22.549,23,0.49404,0.30623,1,0.90347,0.0086582
"Non-small cell lung cancer",66,9.6017,10,0.49772,0.30302,1,0.90519,0.038312
"Ras signaling pathway",232,33.751,34,0.51053,0.29198,1,0.92342,0.039876
"Acute myeloid leukemia",67,9.7472,10,0.51797,0.2857,1,0.93178,0.055851
"Alzheimer disease",171,24.877,25,0.52306,0.28145,1,0.93228,0.00045228
"MicroRNAs in cancer",310,45.099,45,0.53211,0.274,1,0.93228,0
"Folate biosynthesis",26,3.7825,4,0.53584,0.27096,1,0.93228,0.01057
"Ether lipid metabolism",47,6.8376,7,0.53625,0.27063,1,0.93228,0.10797
"Glycosaminoglycan biosynthesis - heparan sulfate / heparin",19,2.7641,3,0.53666,0.2703,1,0.93228,0
"Steroid biosynthesis",19,2.7641,3,0.53666,0.2703,1,0.93228,0.0012098
"Amphetamine addiction",68,9.8926,10,0.53796,0.26925,1,0.93228,0.0016804
"Neomycin, kanamycin and gentamicin biosynthesis",5,0.7274,1,0.54447,0.26403,1,0.93864,7.1715e-05
"Pancreatic cancer",76,11.056,11,0.55739,0.25384,1,0.94951,0.024593
"Longevity regulating pathway - multiple species",62,9.0198,9,0.55809,0.25329,1,0.94951,0.10958
"Valine, leucine and isoleucine degradation",48,6.983,7,0.55983,0.25195,1,0.94951,0.63954
"Collecting duct acid secretion",27,3.928,4,0.56722,0.24625,1,0.94951,0
"Sphingolipid signaling pathway",119,17.312,17,0.5728,0.242,1,0.94951,0.024058
"Cholinergic synapse",112,16.294,16,0.57301,0.24183,1,0.94951,0.048087
"Glycosaminoglycan biosynthesis - chondroitin sulfate / dermatan sulfate",20,2.9096,3,0.57307,0.24179,1,0.94951,0.014113
"Aldosterone synthesis and secretion",98,14.257,14,0.57372,0.2413,1,0.94951,0.025362
"Cocaine addiction",49,7.1285,7,0.58285,0.23444,1,0.95466,0.00061728
"Non-homologous end-joining",13,1.8912,2,0.58396,0.23361,1,0.95466,0
"JAK-STAT signaling pathway",162,23.568,23,0.58549,0.23248,1,0.95466,0.39603
"Synaptic vesicle cycle",78,11.347,11,0.59399,0.22622,1,0.96206,0
"Human T-cell leukemia virus 1 infection",219,31.86,31,0.59634,0.22451,1,0.96206,0.012642
"Non-alcoholic fatty liver disease (NAFLD)",149,21.677,21,0.59903,0.22255,1,0.96206,0.0095238
"Hedgehog signaling pathway",50,7.274,7,0.60527,0.21805,1,0.96206,0.01039
"N-Glycan biosynthesis",50,7.274,7,0.60527,0.21805,1,0.96206,0.11753
"Fc gamma R-mediated phagocytosis",93,13.53,13,0.60747,0.21648,1,0.96206,0.084578
"Hippo signaling pathway - multiple species",29,4.2189,4,0.62624,0.20326,1,0.98365,0.0083056
"Amyotrophic lateral sclerosis (ALS)",51,7.4195,7,0.62704,0.20271,1,0.98365,0.0038435
"Thyroid cancer",37,5.3828,5,0.64203,0.19244,1,1,0.013333
"GABAergic synapse",89,12.948,12,0.65851,0.18144,1,1,0.0074675
"Human cytomegalovirus infection",225,32.733,31,0.6593,0.18092,1,1,0.017203
"Glycosphingolipid biosynthesis - ganglio series",15,2.1822,2,0.66412,0.17775,1,1,0.12492
"Allograft rejection",38,5.5282,5,0.66611,0.17645,1,1,0
"Protein export",23,3.346,3,0.67098,0.17329,1,1,0
"Mannose type O-glycan biosynthesis",23,3.346,3,0.67098,0.17329,1,1,0.039894
"Fc epsilon RI signaling pathway",68,9.8926,9,0.67319,0.17186,1,1,0.02935
"Toxoplasmosis",112,16.294,15,0.67711,0.16934,1,1,0.018579
"Taste transduction",83,12.075,11,0.67878,0.16827,1,1,0.00020121
"Circadian rhythm",31,4.5099,4,0.67987,0.16757,1,1,0
"Galactose metabolism",31,4.5099,4,0.67987,0.16757,1,1,0.083103
"Renal cell carcinoma",69,10.038,9,0.69052,0.16082,1,1,0.010965
"Huntington disease",193,28.078,26,0.69699,0.15678,1,1,0.0013169
"Nicotine addiction",40,5.8192,5,0.71099,0.14813,1,1,0
"alpha-Linolenic acid metabolism",25,3.637,3,0.72648,0.13878,1,1,0.00094268
"Inflammatory bowel disease (IBD)",65,9.4562,8,0.74812,0.12603,1,1,0.0042306
"Cortisol synthesis and secretion",65,9.4562,8,0.74812,0.12603,1,1,0.014904
"Vibrio cholerae infection",50,7.274,6,0.75474,0.1222,1,1,0.0079365
"Fatty acid biosynthesis",18,2.6186,2,0.76045,0.11893,1,1,0.01196
"C-type lectin receptor signaling pathway",104,15.13,13,0.7646,0.11656,1,1,0.0035366
"Toll-like receptor signaling pathway",104,15.13,13,0.7646,0.11656,1,1,0.023833
"Growth hormone synthesis, secretion and action",119,17.312,15,0.76507,0.1163,1,1,0.053763
"Osteoclast differentiation",128,18.621,16,0.7817,0.10696,1,1,0.050029
"Glycosaminoglycan degradation",19,2.7641,2,0.78678,0.10415,1,1,0.0045483
"Chronic myeloid leukemia",76,11.056,9,0.79516,0.099545,1,1,0.03569
"Phototransduction",28,4.0734,3,0.7956,0.099304,1,1,0.0023127
"Insulin signaling pathway",137,19.931,17,0.79687,0.09861,1,1,0.14079
"Autoimmune thyroid disease",53,7.7104,6,0.80314,0.095209,1,1,0
"mTOR signaling pathway",153,22.258,19,0.80625,0.093531,1,1,0.11855
"Nicotinate and nicotinamide metabolism",37,5.3828,4,0.80733,0.092948,1,1,0.027793
"Oxidative phosphorylation",133,19.349,16,0.82969,0.081087,1,1,0
"Cytosolic DNA-sensing pathway",63,9.1652,7,0.83002,0.080911,1,1,0.016129
"Adherens junction",71,10.329,8,0.83014,0.080849,1,1,0.021622
"Kaposi sarcoma-associated herpesvirus infection",186,27.059,23,0.83103,0.080384,1,1,0.0079175
"RNA degradation",79,11.493,9,0.83105,0.080374,1,1,0
"Epstein-Barr virus infection",201,29.241,25,0.83139,0.080197,1,1,0.0027646
"Pyruvate metabolism",39,5.6737,4,0.83936,0.076054,1,1,0.099903
"Parkinson disease",142,20.658,17,0.84127,0.075066,1,1,0
"NOD-like receptor signaling pathway",181,26.332,22,0.8492,0.070992,1,1,0.010216
"RNA polymerase",31,4.5099,3,0.84949,0.070842,1,1,0
"Bacterial invasion of epithelial cells",73,10.62,8,0.85232,0.0694,1,1,0.014396
"Apoptosis",136,19.785,16,0.85446,0.068309,1,1,0.030183
"Apoptosis - multiple species",32,4.6554,3,0.86448,0.063245,1,1,0.010417
"Homologous recombination",41,5.9647,4,0.86679,0.062086,1,1,0.0025641
"Mismatch repair",23,3.346,2,0.86819,0.061386,1,1,0
"Morphine addiction",91,13.239,10,0.87074,0.060109,1,1,0.0040404
"Shigellosis",67,9.7472,7,0.87408,0.05845,1,1,0.011034
"Hepatitis B",162,23.568,19,0.87507,0.057957,1,1,0.0033235
"Influenza A",170,24.732,20,0.87707,0.056968,1,1,0.012239
"VEGF signaling pathway",59,8.5833,6,0.87733,0.056837,1,1,0.039773
"Thermogenesis",231,33.606,28,0.87798,0.056513,1,1,0.085439
"Fructose and mannose metabolism",33,4.8008,3,0.87814,0.056436,1,1,0.035718
"Leishmaniasis",76,11.056,8,0.88116,0.054943,1,1,0.012121
"Viral myocarditis",60,8.7288,6,0.88708,0.052038,1,1,0.0028409
"Chagas disease (American trypanosomiasis)",102,14.839,11,0.89388,0.048721,1,1,0.019597
"Lysine degradation",61,8.8743,6,0.89616,0.047614,1,1,0.054625
"Proteasome",45,6.5466,4,0.90976,0.041073,1,1,0
"DNA replication",36,5.2373,3,0.91206,0.039979,1,1,0
"Purine metabolism",130,18.912,14,0.91731,0.037483,1,1,0.27349
"Type II diabetes mellitus",46,6.6921,4,0.91837,0.036985,1,1,0.036559
"Neurotrophin signaling pathway",119,17.312,12,0.94202,0.025942,1,1,0.15543
"Yersinia infection",120,17.458,12,0.94598,0.024117,1,1,0.010965
"Viral carcinogenesis",201,29.241,22,0.94608,0.024072,1,1,0
"Tuberculosis",179,26.041,19,0.95192,0.0214,1,1,0.0064818
"Human immunodeficiency virus 1 infection",212,30.842,23,0.95466,0.020153,1,1,0.0072663
"Glycerophospholipid metabolism",97,14.112,9,0.95513,0.019936,1,1,0.18384
"Various types of N-glycan biosynthesis",20,2.9096,1,0.95708,0.019052,1,1,0
"PD-L1 expression and PD-1 checkpoint pathway in cancer",89,12.948,8,0.95777,0.018737,1,1,0.042484
"Autophagy - other",32,4.6554,2,0.95816,0.018561,1,1,0.002381
"Base excision repair",33,4.8008,2,0.96333,0.016227,1,1,0
"B cell receptor signaling pathway",82,11.929,7,0.96431,0.015784,1,1,0.054966
"Fanconi anemia pathway",54,7.8559,4,0.96466,0.015625,1,1,0.068309
"Vasopressin-regulated water reabsorption",44,6.4011,3,0.9648,0.015564,1,1,0
"Terpenoid backbone biosynthesis",22,3.2006,1,0.96869,0.013816,1,1,0.00052882
"Autophagy - animal",137,19.931,13,0.97107,0.01275,1,1,0.1069
"Glycosylphosphatidylinositol (GPI)-anchor biosynthesis",23,3.346,1,0.97326,0.011773,1,1,0
"Sphingolipid metabolism",47,6.8376,3,0.97538,0.010827,1,1,0.33271
"Amino sugar and nucleotide sugar metabolism",48,6.983,3,0.97818,0.0095826,1,1,0.018098
"Ribosome",153,22.258,14,0.98346,0.0072412,1,1,0
"Measles",138,20.076,12,0.98642,0.0059369,1,1,0.0040858
"Notch signaling pathway",53,7.7104,3,0.98818,0.0051637,1,1,0
"Alcoholism",184,26.768,17,0.98879,0.0048974,1,1,0.0035354
"Lysosome",123,17.894,10,0.98948,0.0045912,1,1,0
"Systemic lupus erythematosus",133,19.349,11,0.99027,0.0042461,1,1,0.00037707
"Pentose phosphate pathway",30,4.3644,1,0.99114,0.0038664,1,1,0.021761
"Th17 cell differentiation",107,15.566,8,0.99178,0.0035832,1,1,0.00045788
"Antigen processing and presentation",78,11.347,5,0.99231,0.0033532,1,1,0.019915
"Endocytosis",249,36.224,24,0.9925,0.0032692,1,1,0
"Basal transcription factors",45,6.5466,2,0.99278,0.0031452,1,1,0
"Protein processing in endoplasmic reticulum",166,24.15,14,0.99412,0.0025591,1,1,0.00017969
"RIG-I-like receptor signaling pathway",70,10.184,4,0.99429,0.0024872,1,1,0.038377
"Nucleotide excision repair",47,6.8376,2,0.99453,0.0023808,1,1,0
"Th1 and Th2 cell differentiation",92,13.384,6,0.99489,0.0022242,1,1,0
"SNARE interactions in vesicular transport",34,4.9463,1,0.99529,0.0020516,1,1,0
"T cell receptor signaling pathway",104,15.13,7,0.99583,0.0018165,1,1,0.056539
"Mitophagy - animal",65,9.4562,3,0.99744,0.0011151,1,1,0.002551
"Primary immunodeficiency",38,5.5282,1,0.99749,0.0010894,1,1,0
"mRNA surveillance pathway",91,13.239,5,0.99826,0.00075813,1,1,0.0037338
"Spliceosome",135,19.64,9,0.99866,0.00058405,1,1,0
"Ubiquitin mediated proteolysis",136,19.785,9,0.99879,0.00052734,1,1,0
"RNA transport",165,24.004,11,0.99952,0.00021046,1,1,0
"Natural killer cell mediated cytotoxicity",131,19.058,7,0.99979,9.3315e-05,1,1,0.043709
"Aminoacyl-tRNA biosynthesis",66,9.6017,1,0.99997,1.292e-05,1,1,0.00010739
"Necroptosis",162,23.568,8,0.99998,9.2214e-06,1,1,0.021162
"Ribosome biogenesis in eukaryotes",105,15.275,2,1,5.004e-07,1,1,0
"Herpes simplex virus 1 infection",491,71.431,38,1,3.0237e-07,1,1,0.0031807
"Olfactory transduction",448,65.175,6,1,0,1,1,0.016058
