"","Total","Expected","Hits","Raw p","-log10(p)","Holm adjust","FDR","Impact"
"Complement and coagulation cascades",79,9.7125,30,4.4361e-09,8.353,1.4683e-06,1.4683e-06,0.044022
"Bile secretion",72,8.8519,24,2.4798e-06,5.6056,0.00081833,0.00041041,0.00053419
"Viral protein interaction with cytokine and cytokine receptor",100,12.294,29,5.6262e-06,5.2498,0.001851,0.00062076,0
"Protein digestion and absorption",95,11.68,27,1.7661e-05,4.753,0.0057929,0.0014615,0
"Chemical carcinogenesis",82,10.081,24,3.013e-05,4.521,0.0098524,0.0016982,0.00010033
"Drug metabolism - cytochrome P450",72,8.8519,22,3.0783e-05,4.5117,0.010035,0.0016982,0.0056155
"Amoebiasis",102,12.54,27,7.0041e-05,4.1546,0.022763,0.003312,0.00084746
"ECM-receptor interaction",88,10.819,24,0.00010515,3.9782,0.034069,0.0043506,0.00014569
"TGF-beta signaling pathway",94,11.557,25,0.00011846,3.9264,0.038263,0.0043567,0.026266
"Pathways in cancer",531,65.282,93,0.00018336,3.7367,0.059043,0.0057061,0.063364
"Tyrosine metabolism",36,4.4259,13,0.0002051,3.688,0.065837,0.0057061,0.29844
"Steroid hormone biosynthesis",60,7.3766,18,0.00020687,3.6843,0.066198,0.0057061,0.37221
"Tryptophan metabolism",42,5.1636,14,0.00031052,3.5079,0.099057,0.0079064,0.18618
"Chemokine signaling pathway",189,23.236,40,0.00034462,3.4627,0.10959,0.0081479,0.14075
"Nitrogen metabolism",17,2.09,8,0.00044293,3.3537,0.14041,0.0095962,0.0057971
"Cytokine-cytokine receptor interaction",294,36.145,56,0.00046386,3.3336,0.14658,0.0095962,0
"Bladder cancer",41,5.0406,13,0.0008688,3.0611,0.27367,0.015398,0.0080645
"Glycosphingolipid biosynthesis - lacto and neolacto series",27,3.3194,10,0.00088375,3.0537,0.2775,0.015398,0.19142
"Proteoglycans in cancer",204,25.08,41,0.00088385,3.0536,0.2775,0.015398,0.0054732
"Proximal tubule bicarbonate reclamation",23,2.8277,9,0.0010108,2.9954,0.31535,0.015931,0
"Histidine metabolism",23,2.8277,9,0.0010108,2.9954,0.31535,0.015931,0.073109
"Pantothenate and CoA biosynthesis",19,2.3359,8,0.0010984,2.9592,0.34051,0.016164,0.22154
"Pancreatic secretion",102,12.54,24,0.0011232,2.9495,0.34706,0.016164,0.0032459
"Arachidonic acid metabolism",63,7.7454,17,0.0011828,2.9271,0.36431,0.016313,0.28879
"Metabolism of xenobiotics by cytochrome P450",76,9.3436,19,0.0016881,2.7726,0.51823,0.02235,0.0072934
"Cholesterol metabolism",50,6.1471,14,0.0021468,2.6682,0.65693,0.026627,7.0028e-05
"PI3K-Akt signaling pathway",354,43.522,62,0.002172,2.6631,0.66245,0.026627,0.27072
"Phenylalanine metabolism",17,2.09,7,0.0026424,2.578,0.80329,0.03016,0.017801
"Primary bile acid biosynthesis",17,2.09,7,0.0026424,2.578,0.80329,0.03016,0.29156
"Maturity onset diabetes of the young",26,3.1965,9,0.0027466,2.5612,0.82948,0.030304,0.011586
"Serotonergic synapse",115,14.138,25,0.0028954,2.5383,0.87152,0.030916,0.004995
"Renin secretion",69,8.483,17,0.0034175,2.4663,1,0.03535,0.014286
"Rheumatoid arthritis",93,11.434,21,0.0037906,2.4213,1,0.038021,0
"Retinol metabolism",67,8.2371,16,0.006148,2.2113,1,0.059853,0.17995
"Prostate cancer",97,11.925,21,0.0063501,2.1972,1,0.060054,0.051296
"ABC transporters",45,5.5324,12,0.0066887,2.1747,1,0.061499,0
"IL-17 signaling pathway",94,11.557,20,0.0092815,2.0324,1,0.081329,0.00099875
"Alanine, aspartate and glutamate metabolism",36,4.4259,10,0.0095087,2.0219,1,0.081329,0.15339
"PPAR signaling pathway",76,9.3436,17,0.0095825,2.0185,1,0.081329,0.0055523
"Signaling pathways regulating pluripotency of stem cells",140,17.212,27,0.010979,1.9594,1,0.09085,0.010309
"Aldosterone-regulated sodium reabsorption",37,4.5489,10,0.011632,1.9343,1,0.093908,0.085979
"Caffeine metabolism",5,0.61471,3,0.015291,1.8156,1,0.1177,0.047126
"D-Glutamine and D-glutamate metabolism",5,0.61471,3,0.015291,1.8156,1,0.1177,0.054167
"Estrogen signaling pathway",138,16.966,26,0.016573,1.7806,1,0.12468,0.10612
"Renin-angiotensin system",23,2.8277,7,0.017215,1.7641,1,0.12507,0
"Focal adhesion",199,24.466,35,0.017382,1.7599,1,0.12507,0.6835
"AGE-RAGE signaling pathway in diabetic complications",100,12.294,20,0.018085,1.7427,1,0.12736,0.020852
"Central carbon metabolism in cancer",69,8.483,15,0.018619,1.73,1,0.1284,0.0067162
"Glycine, serine and threonine metabolism",40,4.9177,10,0.02016,1.6955,1,0.13618,0.2731
"Gastric cancer",149,18.318,27,0.023861,1.6223,1,0.15644,0.017228
"Salivary secretion",90,11.065,18,0.024103,1.6179,1,0.15644,0.015942
"Regulation of actin cytoskeleton",213,26.187,36,0.028148,1.5506,1,0.17614,0.2286
"Hematopoietic cell lineage",98,12.048,19,0.028203,1.5497,1,0.17614,0
"EGFR tyrosine kinase inhibitor resistance",79,9.7125,16,0.028973,1.538,1,0.1776,0.23854
"beta-Alanine metabolism",31,3.8112,8,0.030088,1.5216,1,0.18108,0.32988
"Phosphatidylinositol signaling system",99,12.171,19,0.031034,1.5082,1,0.18343,0.74724
"African trypanosomiasis",37,4.5489,9,0.031757,1.4982,1,0.18441,0.0015873
"cAMP signaling pathway",216,26.556,36,0.033962,1.469,1,0.19114,0.16542
"Inflammatory mediator regulation of TRP channels",100,12.294,19,0.034071,1.4676,1,0.19114,0.015577
"Arginine biosynthesis",21,2.5818,6,0.036249,1.4407,1,0.1998,0.24244
"Phospholipase D signaling pathway",148,18.195,26,0.037118,1.4304,1,0.1998,0.17565
"Arginine and proline metabolism",50,6.1471,11,0.037425,1.4268,1,0.1998,0.082056
"Staphylococcus aureus infection",96,11.802,18,0.043118,1.3653,1,0.22654,0.0071982
"GnRH secretion",64,7.8683,13,0.045138,1.3455,1,0.23188,0.12026
"Hypertrophic cardiomyopathy (HCM)",90,11.065,17,0.045536,1.3416,1,0.23188,0.0014493
"Platelet activation",124,15.245,22,0.047433,1.3239,1,0.23788,0.1821
"Wnt signaling pathway",160,19.671,27,0.052833,1.2771,1,0.25815,0.076031
"TNF signaling pathway",112,13.77,20,0.053644,1.2705,1,0.25815,0.0036512
"Rap1 signaling pathway",210,25.818,34,0.054804,1.2612,1,0.25815,0.012549
"Drug metabolism - other enzymes",79,9.7125,15,0.055706,1.2541,1,0.25815,0.092435
"Carbohydrate digestion and absorption",47,5.7783,10,0.056187,1.2504,1,0.25815,0.0040984
"Cell adhesion molecules (CAMs)",147,18.073,25,0.056197,1.2503,1,0.25815,7.1469e-05
"Linoleic acid metabolism",29,3.5653,7,0.057249,1.2422,1,0.25815,0.078841
"Colorectal cancer",86,10.573,16,0.057712,1.2387,1,0.25815,0.027397
"Long-term depression",60,7.3766,12,0.058592,1.2322,1,0.25859,0.037681
"Thyroid hormone synthesis",74,9.0977,14,0.064681,1.1892,1,0.27805,0.0024636
"Inositol phosphate metabolism",74,9.0977,14,0.064681,1.1892,1,0.27805,0.57593
"Glycolysis or Gluconeogenesis",68,8.3601,13,0.068377,1.1651,1,0.28759,0.80627
"Gap junction",88,10.819,16,0.06864,1.1634,1,0.28759,0.032051
"Gastric acid secretion",75,9.2207,14,0.070953,1.149,1,0.29357,0.0067873
"Basal cell carcinoma",63,7.7454,12,0.079677,1.0987,1,0.3256,0.11667
"Arrhythmogenic right ventricular cardiomyopathy (ARVC)",77,9.4666,14,0.084663,1.0723,1,0.34175,0
"Breast cancer",147,18.073,24,0.087937,1.0558,1,0.34803,0.021989
"Choline metabolism in cancer",98,12.048,17,0.088323,1.0539,1,0.34803,0.026125
"Mineral absorption",58,7.1307,11,0.093052,1.0313,1,0.36236,0.00014006
"p53 signaling pathway",72,8.8519,13,0.098339,1.0073,1,0.37849,0.00011655
"Glycosphingolipid biosynthesis - globo and isoglobo series",15,1.8441,4,0.1026,0.98886,1,0.39035,0.47948
"Fatty acid elongation",27,3.3194,6,0.10534,0.97742,1,0.39621,0.0066537
"Synthesis and degradation of ketone bodies",10,1.2294,3,0.11487,0.93979,1,0.42722,0.48889
"Phagosome",152,18.687,24,0.11703,0.9317,1,0.43041,0
"Butanoate metabolism",28,3.4424,6,0.12088,0.91766,1,0.43967,0.046442
"Fat digestion and absorption",41,5.0406,8,0.12309,0.90979,1,0.44285,0
"Vascular smooth muscle contraction",132,16.228,21,0.12826,0.89192,1,0.4543,0.057746
"Hippo signaling pathway",154,18.933,24,0.13016,0.88552,1,0.4543,0.0081538
"Prion diseases",35,4.303,7,0.13039,0.88477,1,0.4543,0
"Ovarian steroidogenesis",49,6.0242,9,0.14071,0.85166,1,0.48017,0
"Cysteine and methionine metabolism",49,6.0242,9,0.14071,0.85166,1,0.48017,0.40156
"Glutathione metabolism",56,6.8848,10,0.14327,0.84385,1,0.48236,0.23815
"Prolactin signaling pathway",70,8.606,12,0.14539,0.83748,1,0.48236,0.11418
"Starch and sucrose metabolism",36,4.4259,7,0.14573,0.83645,1,0.48236,0.22296
"Transcriptional misregulation in cancer",186,22.867,28,0.14787,0.83011,1,0.48462,0
"Vitamin B6 metabolism",6,0.73766,2,0.16196,0.79058,1,0.52559,0.012146
"Vitamin digestion and absorption",24,2.9506,5,0.16424,0.78452,1,0.5278,0
"Neuroactive ligand-receptor interaction",340,41.8,48,0.16748,0.77603,1,0.53305,0
"Melanogenesis",101,12.417,16,0.17206,0.76433,1,0.53509,0.026427
"Antifolate resistance",31,3.8112,6,0.1736,0.76045,1,0.53509,0
"Mucin type O-glycan biosynthesis",31,3.8112,6,0.1736,0.76045,1,0.53509,0.23611
"Cellular senescence",160,19.671,24,0.17459,0.75798,1,0.53509,0.029251
"FoxO signaling pathway",131,16.105,20,0.17948,0.74598,1,0.54504,0.014247
"Cell cycle",124,15.245,19,0.18278,0.73806,1,0.55001,0.13592
"Dilated cardiomyopathy (DCM)",96,11.802,15,0.19612,0.70747,1,0.58483,0.0013876
"Calcium signaling pathway",193,23.728,28,0.19891,0.70133,1,0.58786,0.029522
"Pathogenic Escherichia coli infection",201,24.711,29,0.20242,0.69375,1,0.59293,0.01529
"Glioma",75,9.2207,12,0.20566,0.68686,1,0.59713,0.066971
"Glycerolipid metabolism",61,7.4995,10,0.21105,0.67562,1,0.60745,0.19363
"Ferroptosis",40,4.9177,7,0.21469,0.66818,1,0.61261,0
"Pancreatic cancer",76,9.3436,12,0.21887,0.65981,1,0.6192,0.024906
"Adipocytokine signaling pathway",69,8.483,11,0.22253,0.65262,1,0.62236,0.035437
"Parathyroid hormone synthesis, secretion and action",106,13.032,16,0.22601,0.64587,1,0.62236,0.0087323
"Regulation of lipolysis in adipocytes",55,6.7618,9,0.22913,0.63992,1,0.62236,0.010169
"Ascorbate and aldarate metabolism",27,3.3194,5,0.23196,0.63459,1,0.62236,0.0025399
"Glutamatergic synapse",114,14.015,17,0.23232,0.63391,1,0.62236,0.083851
"Pentose and glucuronate interconversions",34,4.18,6,0.23397,0.63085,1,0.62236,0.028753
"cGMP-PKG signaling pathway",167,20.531,24,0.2353,0.62838,1,0.62236,0.26679
"Small cell lung cancer",92,11.311,14,0.23593,0.62721,1,0.62236,0.05549
"Epithelial cell signaling in Helicobacter pylori infection",70,8.606,11,0.23691,0.62542,1,0.62236,0.0098722
"ErbB signaling pathway",85,10.45,13,0.24107,0.61786,1,0.62829,0.1526
"Legionellosis",56,6.8848,9,0.24557,0.60983,1,0.63503,0
"Intestinal immune network for IgA production",49,6.0242,8,0.24952,0.60289,1,0.63532,0
"Malaria",49,6.0242,8,0.24952,0.60289,1,0.63532,0
"Porphyrin and chlorophyll metabolism",42,5.1636,7,0.25294,0.59699,1,0.6391,0.017656
"Riboflavin metabolism",8,0.98354,2,0.25721,0.58971,1,0.64498,0.025362
"JAK-STAT signaling pathway",162,19.917,23,0.26036,0.58443,1,0.64795,0.57937
"Melanoma",72,8.8519,11,0.26666,0.57404,1,0.65013,0.035985
"Hedgehog signaling pathway",50,6.1471,8,0.2677,0.57235,1,0.65013,0.01039
"NF-kappa B signaling pathway",102,12.54,15,0.26805,0.57179,1,0.65013,0.046429
"MicroRNAs in cancer",310,38.112,42,0.27064,0.56761,1,0.65013,0
"Type I diabetes mellitus",43,5.2865,7,0.27277,0.5642,1,0.65013,0
"Salmonella infection",80,9.8354,12,0.27493,0.56078,1,0.65013,0.002551
"MAPK signaling pathway",295,36.268,40,0.27498,0.5607,1,0.65013,0.041068
"Endometrial cancer",58,7.1307,9,0.27957,0.55351,1,0.6563,0.031401
"Adrenergic signaling in cardiomyocytes",149,18.318,21,0.28414,0.54647,1,0.66233,0.029477
"Non-small cell lung cancer",66,8.1142,10,0.28935,0.53858,1,0.66881,0.031277
"Thyroid hormone signaling pathway",119,14.63,17,0.29096,0.53617,1,0.66881,0.025696
"Fatty acid degradation",44,5.4095,7,0.293,0.53313,1,0.66885,0.11236
"Axon guidance",181,22.253,25,0.29644,0.52807,1,0.67206,0.0034011
"Leukocyte transendothelial migration",112,13.77,16,0.29882,0.52458,1,0.67286,0.021636
"Circadian entrainment",97,11.925,14,0.30201,0.51998,1,0.67343,0.048296
"AMPK signaling pathway",120,14.753,17,0.30324,0.51822,1,0.67343,0.051933
"Citrate cycle (TCA cycle)",30,3.6883,5,0.30597,0.51432,1,0.67343,0.30735
"Oocyte meiosis",128,15.737,18,0.30721,0.51256,1,0.67343,0.059804
"Glucagon signaling pathway",106,13.032,15,0.32047,0.49422,1,0.69786,0.0026447
"Oxytocin signaling pathway",153,18.81,21,0.32829,0.48374,1,0.71022,0.03
"Asthma",31,3.8112,5,0.33143,0.47961,1,0.71123,0
"Tight junction",169,20.777,23,0.33305,0.47748,1,0.71123,0.010807
"Ras signaling pathway",232,28.523,31,0.33678,0.47265,1,0.71458,0.039876
"Fluid shear stress and atherosclerosis",139,17.089,19,0.34649,0.46032,1,0.72641,0.008544
"Insulin resistance",108,13.278,15,0.34761,0.4589,1,0.72641,0.01329
"Selenocompound metabolism",17,2.09,3,0.34894,0.45725,1,0.72641,0.027003
"Alzheimer disease",171,21.023,23,0.35479,0.45003,1,0.7305,0.00045228
"Ether lipid metabolism",47,5.7783,7,0.35532,0.44938,1,0.7305,0.10797
"Human papillomavirus infection",330,40.571,43,0.36399,0.43891,1,0.73854,0.015605
"Cardiac muscle contraction",86,10.573,12,0.36593,0.43661,1,0.73854,0.0083056
"Insulin secretion",86,10.573,12,0.36593,0.43661,1,0.73854,0.014724
"Valine, leucine and isoleucine degradation",48,5.9012,7,0.37641,0.42433,1,0.75511,0.14403
"Graft-versus-host disease",41,5.0406,6,0.39136,0.40742,1,0.78037,0
"Folate biosynthesis",26,3.1965,4,0.3994,0.3986,1,0.78734,0.01057
"Taurine and hypotaurine metabolism",11,1.3524,2,0.39961,0.39836,1,0.78734,0.0098522
"Valine, leucine and isoleucine biosynthesis",4,0.49177,1,0.40835,0.38897,1,0.79122,0.0061538
"Propanoate metabolism",34,4.18,5,0.40842,0.38889,1,0.79122,0.048759
"Platinum drug resistance",73,8.9748,10,0.40876,0.38853,1,0.79122,0.016871
"Relaxin signaling pathway",129,15.86,17,0.41879,0.378,1,0.80255,0.11819
"Apelin signaling pathway",137,16.843,18,0.41946,0.37731,1,0.80255,0.065225
"Collecting duct acid secretion",27,3.3194,4,0.42851,0.36803,1,0.81278,0
"Endocrine resistance",98,12.048,13,0.42972,0.36681,1,0.81278,0.091201
"Human T-cell leukemia virus 1 infection",219,26.924,28,0.44254,0.35405,1,0.8184,0.012821
"Acute myeloid leukemia",67,8.2371,9,0.44263,0.35396,1,0.8184,0.055851
"Long-term potentiation",67,8.2371,9,0.44263,0.35396,1,0.8184,0.43441
"Progesterone-mediated oocyte maturation",99,12.171,13,0.44482,0.35182,1,0.8184,0.019872
"Dopaminergic synapse",131,16.105,17,0.44505,0.35159,1,0.8184,0.027191
"One carbon pool by folate",20,2.4589,3,0.45341,0.34351,1,0.82917,0.1041
"Pertussis",76,9.3436,10,0.46079,0.3365,1,0.83802,0.00021949
"Non-alcoholic fatty liver disease (NAFLD)",149,18.318,19,0.4696,0.32827,1,0.8469,0.0095238
"HIF-1 signaling pathway",109,13.401,14,0.47396,0.32426,1,0.8469,0.049533
"Fc gamma R-mediated phagocytosis",93,11.434,12,0.4759,0.32248,1,0.8469,0.083604
"GnRH signaling pathway",93,11.434,12,0.4759,0.32248,1,0.8469,0.086494
"Renal cell carcinoma",69,8.483,9,0.47911,0.31957,1,0.84709,0.010965
"Neomycin, kanamycin and gentamicin biosynthesis",5,0.61471,1,0.48112,0.31774,1,0.84709,7.1715e-05
"Non-homologous end-joining",13,1.5983,2,0.48731,0.31219,1,0.85345,0
"Sphingolipid signaling pathway",119,14.63,15,0.50079,0.30034,1,0.86845,0.026768
"Human cytomegalovirus infection",225,27.662,28,0.50353,0.29798,1,0.86845,0.01384
"Allograft rejection",38,4.6718,5,0.50862,0.29361,1,0.86845,0
"Osteoclast differentiation",128,15.737,16,0.51235,0.29044,1,0.86845,0.050029
"Glyoxylate and dicarboxylate metabolism",30,3.6883,4,0.51309,0.2898,1,0.86845,0.028474
"Adherens junction",71,8.7289,9,0.51502,0.28818,1,0.86845,0.021622
"Toxoplasmosis",112,13.77,14,0.51693,0.28657,1,0.86845,0.018579
"C-type lectin receptor signaling pathway",104,12.786,13,0.5195,0.28442,1,0.86845,0.003648
"Toll-like receptor signaling pathway",104,12.786,13,0.5195,0.28442,1,0.86845,0.023833
"Circadian rhythm",31,3.8112,4,0.54001,0.2676,1,0.88957,0
"Galactose metabolism",31,3.8112,4,0.54001,0.2676,1,0.88957,0.094489
"Cushing syndrome",155,19.056,19,0.54288,0.26529,1,0.88957,0.0017366
"Hepatitis C",155,19.056,19,0.54288,0.26529,1,0.88957,0.0081615
"Mannose type O-glycan biosynthesis",23,2.8277,3,0.55026,0.25943,1,0.89722,0.039894
"NOD-like receptor signaling pathway",181,22.253,22,0.55777,0.25355,1,0.90501,0.010216
"Pyrimidine metabolism",57,7.0077,7,0.56187,0.25036,1,0.90721,0.44539
"Glycosphingolipid biosynthesis - ganglio series",15,1.8441,2,0.56655,0.24676,1,0.91033,0.12492
"Cocaine addiction",49,6.0242,6,0.56951,0.2445,1,0.91066,0.00061728
"Peroxisome",83,10.204,10,0.57787,0.23817,1,0.91518,0
"Taste transduction",83,10.204,10,0.57787,0.23817,1,0.91518,0.00020121
"Fructose and mannose metabolism",33,4.0571,4,0.59144,0.22809,1,0.93222,0.084553
"Epstein-Barr virus infection",201,24.711,24,0.59446,0.22588,1,0.93254,0.0027646
"Hepatocellular carcinoma",168,20.654,20,0.59762,0.22357,1,0.93305,0.013183
"Chronic myeloid leukemia",76,9.3436,9,0.60072,0.22133,1,0.93305,0.035859
"Amphetamine addiction",68,8.3601,8,0.60878,0.21554,1,0.93305,0.0016804
"Fc epsilon RI signaling pathway",68,8.3601,8,0.60878,0.21554,1,0.93305,0.02935
"alpha-Linolenic acid metabolism",25,3.0736,3,0.60888,0.21547,1,0.93305,0.00094268
"Cholinergic synapse",112,13.77,13,0.63171,0.19948,1,0.96358,0.037705
"RNA degradation",79,9.7125,9,0.64839,0.18816,1,0.9757,0
"Autoimmune thyroid disease",53,6.516,6,0.6485,0.18809,1,0.9757,0
"Endocrine and other factor-regulated calcium reabsorption",53,6.516,6,0.6485,0.18809,1,0.9757,0.0045455
"Fatty acid biosynthesis",18,2.213,2,0.66809,0.17517,1,0.99509,0.01196
"Longevity regulating pathway",89,10.942,10,0.66845,0.17493,1,0.99509,0.23585
"Cytosolic DNA-sensing pathway",63,7.7454,7,0.67041,0.17366,1,0.99509,0.016129
"Oxidative phosphorylation",133,16.351,15,0.68003,0.16747,1,0.99841,0
"Huntington disease",193,23.728,22,0.68222,0.16607,1,0.99841,0.0013169
"Thyroid cancer",37,4.5489,4,0.68337,0.16535,1,0.99841,0.013333
"Parkinson disease",142,17.458,16,0.68471,0.16449,1,0.99841,0
"Bacterial invasion of epithelial cells",73,8.9748,8,0.68958,0.16142,1,0.99926,0.014396
"Glycosaminoglycan biosynthesis - heparan sulfate / heparin",19,2.3359,2,0.69737,0.15654,1,0.99926,0
"Steroid biosynthesis",19,2.3359,2,0.69737,0.15654,1,0.99926,0.0012098
"Glycosaminoglycan degradation",19,2.3359,2,0.69737,0.15654,1,0.99926,0.0045483
"Inflammatory bowel disease (IBD)",65,7.9913,7,0.70262,0.15328,1,1,0.0042306
"Hippo signaling pathway - multiple species",29,3.5653,3,0.70998,0.14876,1,1,0.0083056
"Hepatitis B",162,19.917,18,0.71381,0.14642,1,1,0.0033235
"Growth hormone synthesis, secretion and action",119,14.63,13,0.71785,0.14396,1,1,0.041475
"Pyruvate metabolism",39,4.7948,4,0.7235,0.14056,1,1,0.099903
"Insulin signaling pathway",137,16.843,15,0.72395,0.14029,1,1,0.14079
"Chagas disease (American trypanosomiasis)",102,12.54,11,0.72422,0.14013,1,1,0.019597
"Glycosaminoglycan biosynthesis - chondroitin sulfate / dermatan sulfate",20,2.4589,2,0.72448,0.13998,1,1,0.014113
"Shigellosis",67,8.2371,7,0.73269,0.13508,1,1,0.011034
"Retrograde endocannabinoid signaling",148,18.195,16,0.74678,0.12681,1,1,0.0068847
"RNA polymerase",31,3.8112,3,0.75241,0.12355,1,1,0
"Synaptic vesicle cycle",78,9.5895,8,0.759,0.11976,1,1,0
"Homologous recombination",41,5.0406,4,0.75973,0.11934,1,1,0.0025641
"Viral myocarditis",60,7.3766,6,0.7635,0.11719,1,1,0.0028409
"Ubiquinone and other terpenoid-quinone biosynthesis",11,1.3524,1,0.76402,0.1169,1,1,0.0023256
"Amyotrophic lateral sclerosis (ALS)",51,6.2701,5,0.7684,0.11441,1,1,0.0038435
"Terpenoid backbone biosynthesis",22,2.7047,2,0.77254,0.11208,1,1,0.022739
"Kaposi sarcoma-associated herpesvirus infection",186,22.867,20,0.77321,0.1117,1,1,0.0079175
"Aldosterone synthesis and secretion",98,12.048,10,0.78066,0.10754,1,1,0.01364
"Influenza A",170,20.9,18,0.78607,0.10454,1,1,0.012239
"Tuberculosis",179,22.007,19,0.78753,0.10374,1,1,0.0073159
"Longevity regulating pathway - multiple species",62,7.6224,6,0.79067,0.10201,1,1,0.09434
"Protein export",23,2.8277,2,0.79371,0.10034,1,1,0
"Mismatch repair",23,2.8277,2,0.79371,0.10034,1,1,0
"Neurotrophin signaling pathway",119,14.63,12,0.80877,0.092177,1,1,0.14448
"Yersinia infection",120,14.753,12,0.81762,0.087447,1,1,0.011513
"Cortisol synthesis and secretion",65,7.9913,6,0.82685,0.082572,1,1,0.0017534
"Type II diabetes mellitus",46,5.6554,4,0.83411,0.078776,1,1,0.036559
"Nicotinate and nicotinamide metabolism",37,4.5489,3,0.85032,0.070419,1,1,0.020545
"Apoptosis",136,16.72,13,0.86904,0.06096,1,1,0.030183
"GABAergic synapse",89,10.942,8,0.8711,0.059933,1,1,0.0055195
"PD-L1 expression and PD-1 checkpoint pathway in cancer",89,10.942,8,0.8711,0.059933,1,1,0.042484
"Viral carcinogenesis",201,24.711,20,0.87354,0.058715,1,1,0
"Phototransduction",28,3.4424,2,0.87537,0.057808,1,1,0.00046253
"Vibrio cholerae infection",50,6.1471,4,0.87882,0.056099,1,1,0.0079365
"N-Glycan biosynthesis",50,6.1471,4,0.87882,0.056099,1,1,0.079736
"Human immunodeficiency virus 1 infection",212,26.064,21,0.88331,0.053885,1,1,0.0072663
"Nicotine addiction",40,4.9177,3,0.88521,0.052953,1,1,0
"Thermogenesis",231,28.4,23,0.88735,0.051907,1,1,0.041654
"Purine metabolism",130,15.983,12,0.88998,0.050621,1,1,0.21305
"B cell receptor signaling pathway",82,10.081,7,0.89198,0.049646,1,1,0.054966
"Pentose phosphate pathway",30,3.6883,2,0.89875,0.046361,1,1,0.03789
"mTOR signaling pathway",153,18.81,14,0.91113,0.040419,1,1,0.10678
"Autophagy - other",32,3.9342,2,0.91799,0.037164,1,1,0.002381
"Apoptosis - multiple species",32,3.9342,2,0.91799,0.037164,1,1,0.010417
"Leishmaniasis",76,9.3436,6,0.91883,0.036765,1,1,0.010101
"Vasopressin-regulated water reabsorption",44,5.4095,3,0.92039,0.036029,1,1,0
"Glycerophospholipid metabolism",97,11.925,8,0.9224,0.035079,1,1,0.1778
"Th17 cell differentiation",107,13.155,9,0.92248,0.035044,1,1,0.0010073
"Autophagy - animal",137,16.843,12,0.92518,0.033776,1,1,0.1069
"Base excision repair",33,4.0571,2,0.92626,0.033266,1,1,0
"Proteasome",45,5.5324,3,0.92749,0.032691,1,1,0
"Various types of N-glycan biosynthesis",20,2.4589,1,0.92771,0.032589,1,1,0
"Measles",138,16.966,12,0.92933,0.031831,1,1,0.0043412
"VEGF signaling pathway",59,7.2536,4,0.94302,0.025479,1,1,0.025568
"Amino sugar and nucleotide sugar metabolism",48,5.9012,3,0.94544,0.024365,1,1,0.018098
"Th1 and Th2 cell differentiation",92,11.311,7,0.94598,0.024117,1,1,0
"DNA replication",36,4.4259,2,0.94661,0.023829,1,1,0
"Glycosylphosphatidylinositol (GPI)-anchor biosynthesis",23,2.8277,1,0.95128,0.021691,1,1,0
"T cell receptor signaling pathway",104,12.786,8,0.95178,0.021465,1,1,0.056539
"Lysine degradation",61,7.4995,4,0.95219,0.021276,1,1,0.028309
"Primary immunodeficiency",38,4.6718,2,0.95707,0.019056,1,1,0
"Notch signaling pathway",53,6.516,3,0.96647,0.014811,1,1,0
"Endocytosis",249,30.613,22,0.96766,0.014279,1,1,0
"Fanconi anemia pathway",54,6.6389,3,0.96964,0.013391,1,1,0.017994
"Antigen processing and presentation",78,9.5895,5,0.97066,0.012932,1,1,0.019915
"Alcoholism",184,22.621,15,0.97294,0.011914,1,1,0.0035354
"Morphine addiction",91,11.188,6,0.97461,0.011171,1,1,0.0021212
"RIG-I-like receptor signaling pathway",70,8.606,4,0.97892,0.0092519,1,1,0.038377
"Basal transcription factors",45,5.5324,2,0.98029,0.0086474,1,1,0
"Nucleotide excision repair",47,5.7783,2,0.98427,0.0068838,1,1,0
"Sphingolipid metabolism",47,5.7783,2,0.98427,0.0068838,1,1,0.18569
"Systemic lupus erythematosus",133,16.351,9,0.98734,0.0055335,1,1,0
"SNARE interactions in vesicular transport",34,4.18,1,0.98855,0.0049992,1,1,0
"Ubiquitin mediated proteolysis",136,16.72,9,0.98993,0.0043971,1,1,0
"Mitophagy - animal",65,7.9913,3,0.99012,0.0043135,1,1,0.002551
"Ribosome",153,18.81,10,0.99362,0.0027814,1,1,0
"Lysosome",123,15.122,7,0.99548,0.0019686,1,1,0
"mRNA surveillance pathway",91,11.188,4,0.99731,0.0011714,1,1,0.0037338
"Protein processing in endoplasmic reticulum",166,20.408,10,0.99771,0.00099769,1,1,0
"Spliceosome",135,16.597,7,0.99844,0.00067891,1,1,0
"Natural killer cell mediated cytotoxicity",131,16.105,6,0.9993,0.00030279,1,1,0.043709
"Necroptosis",162,19.917,8,0.99959,0.00017938,1,1,0.027339
"RNA transport",165,20.286,8,0.99969,0.00013611,1,1,0
"Aminoacyl-tRNA biosynthesis",66,8.1142,1,0.99983,7.2617e-05,1,1,0.00010739
"Herpes simplex virus 1 infection",491,60.365,36,0.99991,3.8007e-05,1,1,0.0031807
"Ribosome biogenesis in eukaryotes",105,12.909,2,0.99998,6.5435e-06,1,1,0
"Olfactory transduction",448,55.078,4,1,0,1,1,0.0044297
